[
  {
   "Outfits": "Black Jacket Outfits Women",
   "OutfitName": "BlackJacketOutfit1",
   "image": "Outfits/BlackJacketOutfit1.jpg",
   "product1": "Black Leather Jacket",
   "product1_link": "https://www.ajio.com/rio-biker-jacket-with-zip-pockets/p/441142852_black?gclid=Cj0KCQjw27mhBhC9ARIsAIFsETFMDKwYrvISvkPDKmH62j__u7B2q1SrygdNJFf_PmMDZpw4XFbLs-EaAuqTEALw_wcB#gmf",
   "product2": "Blue Jeans",
   "product2_link": "https://www.ajio.com/freehand-acid-wash-wide-leg-jeans/p/469194678_lightblue?gclid=Cj0KCQjw27mhBhC9ARIsAIFsETHGfvtW-iGC2Xdd5V8L5B0o9G2-QxtCloK4Rz2kisTZi5dFxdJcx74aAjvUEALw_wcB#gmf",
   "product3": "Solid Black Tshirt",
   "product3_link": "https://www.myntra.com/tshirts/roadster/roadster-women-black-solid-round-neck-t-shirt/12193652/buy?gclid=Cj0KCQjw27mhBhC9ARIsAIFsETH4petk3i89zzlrEyncg_AFjOO3YVfo2747K-ptZDwSMS65oSHnMv4aAkoCEALw_wcB",
   "product4": "Black Boots",
   "product4_link": "https://www.ajio.com/adorly-croc-pattern-ankle-length-boots/p/469040950_blackcharcoal?gclid=Cj0KCQjw27mhBhC9ARIsAIFsETEDLUMD6QLp0cRVbDAMS_endOhOmkEbj-5B-o2XrZ7KgVL4vVH1HI4aAhWwEALw_wcB#gmf"
  },
  {
   "Outfits": "Black Jacket Outfits Women",
   "OutfitName": "BlackJacketOutfit2",
   "image": "Outfits/BlackJacketOutfit2.jpg",
   "product1": "Black Leather Jacket",
   "product1_link": "https://www.ajio.com/rio-biker-jacket-with-zip-pockets/p/441142852_black?gclid=Cj0KCQjw27mhBhC9ARIsAIFsETFMDKwYrvISvkPDKmH62j__u7B2q1SrygdNJFf_PmMDZpw4XFbLs-EaAuqTEALw_wcB#gmf",
   "product2": "Ribbed Blue Jeans",
   "product2_link": "https://www.ajio.com/outryt-women-mid-wash-distressed-relaxed-fit-jeans/p/441229219_mediumblue?gclid=Cj0KCQjw27mhBhC9ARIsAIFsETFf4ei2W9iO3MSCSDZirbwYtIStD-9DJAz3rQHfa7J_Wri_WCzGO1EaAmIAEALw_wcB#gmf",
   "product3": "Brown Highneck Sweater",
   "product3_link": "https://www.ajio.com/styli-ribbed-turtle-neck-pullover/p/465443975_brown?gclid=Cj0KCQjw27mhBhC9ARIsAIFsETFZyBgztkrbAQFxgtUmB7b3Gx5tMNV4H799Jq5uF1_ZNtxMly5n6RkaAo5WEALw_wcB#gmf",
   "product4": "Black Boots",
   "product4_link": "https://www.ajio.com/adorly-croc-pattern-ankle-length-boots/p/469040950_blackcharcoal?gclid=Cj0KCQjw27mhBhC9ARIsAIFsETEDLUMD6QLp0cRVbDAMS_endOhOmkEbj-5B-o2XrZ7KgVL4vVH1HI4aAhWwEALw_wcB#gmf"
  },
  {
   "Outfits": "Black Jacket Outfits Women",
   "OutfitName": "BlackJacketOutfit3",
   "image": "Outfits/BlackJacketOutfit3.jpg",
   "product1": "Black Leather Jacket",
   "product1_link": "https://www.ajio.com/rio-biker-jacket-with-zip-pockets/p/441142852_black?gclid=Cj0KCQjw27mhBhC9ARIsAIFsETFMDKwYrvISvkPDKmH62j__u7B2q1SrygdNJFf_PmMDZpw4XFbLs-EaAuqTEALw_wcB#gmf",
   "product2": "Blue Jeans",
   "product2_link": "https://www.ajio.com/dnmx-lightly-washed-straight-fit-jeans/p/441141526_mediumblue?gclid=Cj0KCQjw27mhBhC9ARIsAIFsETEHbjczAfVH_uFwWtXFNynfCiRVIVsnqVCNzMxjj6Ndk3GXuPcvoD0aAttNEALw_wcB#gmf",
   "product3": "Solid Black Tshirt",
   "product3_link": "https://www.myntra.com/tshirts/roadster/roadster-women-black-solid-round-neck-t-shirt/12193652/buy?gclid=Cj0KCQjw27mhBhC9ARIsAIFsETH4petk3i89zzlrEyncg_AFjOO3YVfo2747K-ptZDwSMS65oSHnMv4aAkoCEALw_wcB",
   "product4": "Beige Color Block Ballerinas",
   "product4_link": "https://www.pantaloons.com/p/beige-color-block-ballerinas-614971.html?size=EU-37&utm_source=google&utm_medium=display&utm_campaign=google_performance_max_low_inventory_campaign&gclid=Cj0KCQjw27mhBhC9ARIsAIFsETGd1zL1ryX2LEeWFYjrKM9BVlDC6BBvTj2EnpPxiaYl-MPHeCVeoUcaAlloEALw_wcB"
  },
  {
   "Outfits": "Black Jacket Outfits Women",
   "OutfitName": "BlackJacketOutfit4",
   "image": "Outfits/BlackJacketOutfit4.jpg",
   "product1": "Black Leather Jacket",
   "product1_link": "https://www.ajio.com/rio-biker-jacket-with-zip-pockets/p/441142852_black?gclid=Cj0KCQjw27mhBhC9ARIsAIFsETFMDKwYrvISvkPDKmH62j__u7B2q1SrygdNJFf_PmMDZpw4XFbLs-EaAuqTEALw_wcB#gmf",
   "product2": "Navy Blue Jeans",
   "product2_link": "https://www.veromoda.in/204519301-dark-blue?gclid=Cj0KCQjw27mhBhC9ARIsAIFsETFx_sUtlBmFJVJ-EPzb4Br5UbGAcmYlMlE-fYLH2bO8sbC1-2_Zw48aAl01EALw_wcB",
   "product3": "White V Neck Tshirt",
   "product3_link": "https://www.myntra.com/tshirts/trendyol/trendyol-women-white-solid-v-neck-cotton-t-shirt/20322556/buy?gclid=Cj0KCQjw27mhBhC9ARIsAIFsETHRLKQO6NX_FEGMsRLOIwaVceic5_LQC38rR66i3xonCkov_4eFusgaAhWWEALw_wcB",
   "product4": "Brown Boots",
   "product4_link": "https://www.myntra.com/boots/roadster/roadster-women-coffee-brown-solid-mid-top-block-heel-boots/19990676/buy?gclid=Cj0KCQjw27mhBhC9ARIsAIFsETEaETUlmS23VVmLwuKjj0qEO5f4rw_xqf6FHWZ6yyr2975H6ImHc60aAvzNEALw_wcB"
  },
  {
   "Outfits": "Black Jacket Outfits Women",
   "OutfitName": "BlackJacketOutfit5",
   "image": "Outfits/BlackJacketOutfit5.jpg",
   "product1": "Black Leather Jacket",
   "product1_link": "https://www.ajio.com/rio-biker-jacket-with-zip-pockets/p/441142852_black?gclid=Cj0KCQjw27mhBhC9ARIsAIFsETFMDKwYrvISvkPDKmH62j__u7B2q1SrygdNJFf_PmMDZpw4XFbLs-EaAuqTEALw_wcB#gmf",
   "product2": "Black Stockings",
   "product2_link": "https://www.ajio.com/haute-sauce-nylon-stockings/p/464831560_black?gclid=Cj0KCQjw27mhBhC9ARIsAIFsETHm2zToSrK2enZBsNPCXXqR3sr2fIIYjFL-NrinmAw2MTKEccG06DEaAtYIEALw_wcB#gmf",
   "product3": "Black Mini Dress",
   "product3_link": "https://www.myntra.com/dresses/sassafras/sassafras-women-black-solid-a-line-tiered-mini-dress/16989986/buy?gclid=Cj0KCQjw27mhBhC9ARIsAIFsETGZUFRTbyjv_bJtzhG23JlkVOJtYsNPPH802jJSto5PXMmH93WaRjQaAkPKEALw_wcB",
   "product4": "Black Boots",
   "product4_link": "https://www.ajio.com/adorly-croc-pattern-ankle-length-boots/p/469040950_blackcharcoal?gclid=Cj0KCQjw27mhBhC9ARIsAIFsETEDLUMD6QLp0cRVbDAMS_endOhOmkEbj-5B-o2XrZ7KgVL4vVH1HI4aAhWwEALw_wcB#gmf"
  },
  {
   "Outfits": "Black Jacket Outfits Women",
   "OutfitName": "BlackJacketOutfit6",
   "image": "Outfits/BlackJacketOutfit6.jpg",
   "product1": "Black Leather Jacket",
   "product1_link": "https://www.ajio.com/rio-biker-jacket-with-zip-pockets/p/441142852_black?gclid=Cj0KCQjw27mhBhC9ARIsAIFsETFMDKwYrvISvkPDKmH62j__u7B2q1SrygdNJFf_PmMDZpw4XFbLs-EaAuqTEALw_wcB#gmf",
   "product2": "Black Jeans",
   "product2_link": "https://www.nykaafashion.com/dolce-crudo-black-skinny-fit-high-rise-denim-jeans-1/p/719610?adsource=shopping_india&skuId=719614&utm_content=ads&utm_source=GooglePaid&utm_medium=PLA&utm_campaign=Sok-PerformanceMax-CatchAll&gclid=Cj0KCQjw27mhBhC9ARIsAIFsETG2QuIGaMju66pX-CJj5CSfFvRkll2rw_et6U1oMoM_hBbAU_Hu5hUaAi2qEALw_wcB",
   "product3": "Brown Sweater",
   "product3_link": "https://in.urbanic.com/details/69792?widgetid=13&detail_type=dpa&utm_medium=ppc&biz_type=ppc&channel=google&pid=dHmLNsxX168&gclid=Cj0KCQjw27mhBhC9ARIsAIFsETFHjBHJnrsFR0dot5kgW5vFdr6NhoJzKZ426hAwb2yubxSqELd4ReAaAoMiEALw_wcB&ad_id=&short_link_uid=DB1A9D93857A47458993409ED40100E6&adset_id=&keyword=&campaign_id=18660970520&utm_source=google&short_key=nbeumb&utm_content=dpa",
   "product4": "Aviana Tote Latte/Black Handbag",
   "product4_link": "https://www.nykaafashion.com/guess-aviana-tote-latte-black-handbags/p/8322272?adsource=shopping_india&skuId=8322272"
  },
  {
   "Outfits": "Black Jacket Outfits Women",
   "OutfitName": "BlackJacketOutfit7",
   "image": "Outfits/BlackJacketOutfit7.jpg",
   "product1": "Black Leather Jacket",
   "product1_link": "https://www.ajio.com/rio-biker-jacket-with-zip-pockets/p/441142852_black?gclid=Cj0KCQjw27mhBhC9ARIsAIFsETFMDKwYrvISvkPDKmH62j__u7B2q1SrygdNJFf_PmMDZpw4XFbLs-EaAuqTEALw_wcB#gmf",
   "product2": "Black Jeans",
   "product2_link": "https://www.nykaafashion.com/dolce-crudo-black-skinny-fit-high-rise-denim-jeans-1/p/719610?adsource=shopping_india&skuId=719614&utm_content=ads&utm_source=GooglePaid&utm_medium=PLA&utm_campaign=Sok-PerformanceMax-CatchAll&gclid=Cj0KCQjw27mhBhC9ARIsAIFsETG2QuIGaMju66pX-CJj5CSfFvRkll2rw_et6U1oMoM_hBbAU_Hu5hUaAi2qEALw_wcB",
   "product3": "Grey Colourblocked Pullover",
   "product3_link": "https://www.myntra.com/sweaters/ether/ether-women-grey-colourblocked-pullover/18071148/buy?gclid=Cj0KCQjw27mhBhC9ARIsAIFsETHhedz5nfSAHE6IEzliZjfCNeGLDQ36MBsE0Bg9zAB-OYz0yy9VSJwaAvICEALw_wcB",
   "product4": "Grey Boots",
   "product4_link": "https://www.myntra.com/boots/dressberry/dressberry-women-grey-leather-chelsea-boots/19764358/buy?gclid=Cj0KCQjw27mhBhC9ARIsAIFsETFdv7Eso8MiM4SQMyF3brXwNfGiK7Pe0_EY806xB7Pw7wBqauuGIUgaAvlgEALw_wcB"
  },
  {
   "Outfits": "Black Jacket Outfits Women",
   "OutfitName": "BlackJacketOutfit8",
   "image": "Outfits/BlackJacketOutfit8.jpg",
   "product1": "Black Longline Open Front Jacket",
   "product1_link": "https://www.myntra.com/jackets/qurvii/qurvii-women-black-fleece-longline-open-front-jacket/20685938/buy?gclid=Cj0KCQjw27mhBhC9ARIsAIFsETE4UcJSvbzDbznqBn-LT_9qC3kpDLMSdibClPCB0aGSvipYpwoqe28aAm3MEALw_wcB",
   "product2": "Blue Flared Jeans",
   "product2_link": "https://www.myntra.com/jeans/tokyo-talkies/tokyo-talkies-women-blue-flared-high-rise-clean-look-jeans/12758200/buy?gclid=Cj0KCQjw27mhBhC9ARIsAIFsETFPkbLxjIXtyUj_eYx6JsFE-B4dGaal9ZP1zD4PMpElz67ef6TmqnoaAmnQEALw_wcB",
   "product3": "Black Top With Bell Sleeves",
   "product3_link": "https://www.myntra.com/tops/carlton-london/carlton-london-black-top-with-bell-sleeves/10019827/buy",
   "product4": "Black & White Canvas",
   "product4_link": "https://www2.hm.com/en_in/productpage.1052102002.html?gclid=Cj0KCQjw27mhBhC9ARIsAIFsETG7JEZsYSn5hzXMnW9kWHMcjKh504EPt0Y6OzsRvWZpQWq4Y8WkfIIaAnnoEALw_wcB"
  },
  {
   "Outfits": "Black Jacket Outfits Women",
   "OutfitName": "BlackJacketOutfit9",
   "image": "Outfits/BlackJacketOutfit9.jpg",
   "product1": "Black Leather Jacket",
   "product1_link": "https://www.ajio.com/rio-biker-jacket-with-zip-pockets/p/441142852_black?gclid=Cj0KCQjw27mhBhC9ARIsAIFsETFMDKwYrvISvkPDKmH62j__u7B2q1SrygdNJFf_PmMDZpw4XFbLs-EaAuqTEALw_wcB#gmf",
   "product2": "Blue Jeans",
   "product2_link": "https://freakins.com/products/dark-blue-denim-high-waist-skinny-fit-jeans?variant=39902891573409¤cy=INR&utm_medium=product_sync&utm_source=google&utm_content=sag_organic&utm_campaign=sag_organic&utm_source=SHP_Google&utm_campaign=19604655592&utm_medium=&utm_content=&utm_term=&gclid=Cj0KCQjw27mhBhC9ARIsAIFsETHLuqYlViHM-Uhz8MilR08FDm6GlndtrFG0wo1MwiN5XmzfSjHssF8aAl8EEALw_wcB",
   "product3": "Beige Tshirt",
   "product3_link": "https://www2.hm.com/en_in/productpage.1128482007.html?gclid=Cj0KCQjw27mhBhC9ARIsAIFsETEGHF6ac9fRI4o4g8ywD4FBzyBVE1b1fJoKDFoU02nYsxp_R_YfJkQaAhTPEALw_wcB"
  },
  {
   "Outfits": "White Dress Outfits",
   "OutfitName": "WhiteDressOutfit1",
   "image": "Outfits/WhiteDressOutfit1.jpg",
   "product1": "White Button Down Dress",
   "product1_link": "https://www.fablestreet.com/products/button-down-strap-midi-dress-white?gclid=Cj0KCQjwxMmhBhDJARIsANFGOSt8XF5pxHis77XlBCNReO3YEipeWbdqMpr2wpySHnEg83uYJSrQ-KIaAq8EEALw_wcB",
   "product2": "Blue Denim Jacket",
   "product2_link": "https://in.urbanic.com/details/104859?widgetid=13&detail_type=dpa&utm_medium=ppc&biz_type=ppc&channel=google&pid=dHmLNsxX168&gclid=Cj0KCQjwxMmhBhDJARIsANFGOSsK44RucqBEHt_BezSTJ8IYKSX0jhFA6Q94vV2GAqTU-EuI5iP6V1MaArAGEALw_wcB&ad_id=&short_link_uid=DB1A9D93857A47458993409ED40100E6&adset_id=&keyword=&campaign_id=18631542437&utm_source=google&short_key=rmrzji&utm_content=dpa",
   "product3": "Black Hand Bag",
   "product3_link": "https://www.irth.in/product/for-all-your-outings-with-the-little-one-here-is-a-bag-that-is-meant-for-the-two-of-you-r223delan01bk1?gclid=Cj0KCQjwxMmhBhDJARIsANFGOSuX341kJ44H4KeI3NSAeyNEM4xHNaUEnhyvgggtNExd_gKOBjo99qwaAoVLEALw_wcB",
   "product4": "White Shoes",
   "product4_link": "https://www.ajio.com/adidas-kids-grand-court-el-k-low-top-shoes/p/410264579_ftwrwhite?gclid=Cj0KCQjwxMmhBhDJARIsANFGOSuOVsYDIlvjbgK9_0Sb6iy6iUZly7jwCWcp6rgH6OPs2aTsVj2rDusaArMZEALw_wcB#gmf"
  },
  {
   "Outfits": "White Dress Outfits",
   "OutfitName": "WhiteDressOutfit2",
   "image": "Outfits/WhiteDressOutfit2.jpg",
   "product1": "White A-Line Dress",
   "product1_link": "https://www.myntra.com/dresses/house-of-jamoti/house-of-jamoti-white-cotton-a-line-dress/20832602/buy",
   "product2": "White Shoulder Bag",
   "product2_link": "https://in.urbanic.com/details/102946?widgetid=13&detail_type=dpa&utm_medium=ppc&biz_type=ppc&channel=google&pid=dHmLNsxX168&gclid=Cj0KCQjwxMmhBhDJARIsANFGOSv_GyLNurPTprnIf7EiZn5lylQs48Hd58K4B1LlgAO4XSxlMcC3TlYaAvPKEALw_wcB&ad_id=&short_link_uid=DB1A9D93857A47458993409ED40100E6&adset_id=&keyword=&campaign_id=18316170946&utm_source=google&short_key=eaizem&utm_content=dpa",
   "product3": "White Hat",
   "product3_link": "https://www.amazon.in/ICW-Womens-Polyester-9223_Off-White_L/dp/B0B15MHZ1B/ref=asc_df_B0B15MHZ1B/?tag=googleshopdes-21&linkCode=df0&hvadid=598125603496&hvpos=&hvnetw=g&hvrand=3144697050669129539&hvpone=&hvptwo=&hvqmt=&hvdev=c&hvdvcmdl=&hvlocint=&hvlocphy=9300836&hvtargid=pla-1661174393895&th=1"
  },
  {
   "Outfits": "White Dress Outfits",
   "OutfitName": "WhiteDressOutfit3",
   "image": "Outfits/WhiteDressOutfit3.jpg",
   "product1": "White Simplicity Dress",
   "product1_link": "https://in.urbanic.com/details/68094?widgetid=13&detail_type=dpa&utm_medium=ppc&biz_type=ppc&channel=google&pid=dHmLNsxX168&gclid=Cj0KCQjwxMmhBhDJARIsANFGOSvfd59bsjy2EkJSXREWx4kz1gd44ZwggVbEjBxBverUHTjsKe7-VYMaAqErEALw_wcB&ad_id=&short_link_uid=DB1A9D93857A47458993409ED40100E6&adset_id=&keyword=&campaign_id=18631542437&utm_source=google&short_key=r3inra&utm_content=dpa",
   "product2": "White Heels",
   "product2_link": "https://www.ajio.com/sneak-a-peek-slip-on-chunky-heeled-sandals/p/460971771_white?gclid=Cj0KCQjwxMmhBhDJARIsANFGOSvU1WmWcET74P2azyIS7LdDG_WjN0tPB0_ATS4OOcGbHNVPs4heqdgaAgJfEALw_wcB#gmf",
   "product3": "Layered Necklace",
   "product3_link": "https://www.ajio.com/vembley-multi-layered-beaded-necklace/p/462760606_gold?gclid=Cj0KCQjwxMmhBhDJARIsANFGOStRYM5vzUhrPD1npH76niaS9f1LeJQ038kkg7W06sweQGksK1U8I4UaAihREALw_wcB#gmf"
  },
  {
   "Outfits": "White Dress Outfits",
   "OutfitName": "WhiteDressOutfit4",
   "image": "Outfits/WhiteDressOutfit4.jpg",
   "product1": "White Dress",
   "product1_link": "https://www.creaturesofhabit.in/products/rib-skater-dress-women-marshmallow-white?variant=41448976744645&utm_source=Google&utm_medium=PerfMax&utm_campaign=COH_Google_Pmax_AllProducts_TVC&utm_Keyword=&utm_creative=&utm_placement=&utm_device=c&gclid=Cj0KCQjwxMmhBhDJARIsANFGOSs9-f9ZnbFyQNPHmHkk5mRO1yx7rQL15Kqowc4wdY_-Q3fA5XqV1NkaAhjGEALw_wcB",
   "product2": "Blue Necklace",
   "product2_link": "https://blingvine.com/products/senorita-blue-crystal-necklace-set?gclid=Cj0KCQjwxMmhBhDJARIsANFGOStFA4-wIMRH90q_xic-h-cnaeUMGEBammVTtHSrYgLSRcsIbLkoJV8aAlC8EALw_wcB",
   "product3": "White Coat",
   "product3_link": "https://in.urbanic.com/details/100609?widgetid=13&detail_type=dpa&utm_medium=ppc&biz_type=ppc&channel=google&pid=dHmLNsxX168&gclid=Cj0KCQjwxMmhBhDJARIsANFGOSscTQSfDQMcymTmjeU0cnjdmrgmke0KAs6-aN_D_iLzbdWASgR4UO4aAu-SEALw_wcB&ad_id=639600902590&short_link_uid=DB1A9D93857A47458993409ED40100E6&adset_id=146985982009&keyword=&campaign_id=19158656323&utm_source=google&short_key=ra6znr&utm_content=dpa",
   "product4": "White Ballerinas",
   "product4_link": "https://www.myntra.com/flats/allen-solly/allen-solly-women-white-snakeskin-textured-ballerinas-/18861124/buy?gclid=Cj0KCQjwxMmhBhDJARIsANFGOSvvunBpYi2djHTsX8oTEepwOEjFx-wpDXweWHGpA9Ckv45zRfff26saAnmpEALw_wcB"
  },
  {
   "Outfits": "White Dress Outfits",
   "OutfitName": "WhiteDressOutfit5",
   "image": "Outfits/WhiteDressOutfit5.jpg",
   "product1": "White Long Dress",
   "product1_link": "https://www.aaheli.com/products/off-white-cotton-kantha-comfy-dress?utm_source=adyogi&utm_medium=google-performancemax&utm_campaign=AAHE_5415_adyogi_PerformanceMax_dresses-18956235116&gclid=Cj0KCQjwxMmhBhDJARIsANFGOSuY1A1t6AlWDWJMHvi0V37Kprc9ANRcDXxs2hja5ktUfwogsdgJ7D8aAij3EALw_wcB",
   "product2": "Golden Sling Bag",
   "product2_link": "https://www.ajio.com/lavie-quilted-sling-bag-with-flap-closure/p/469333079_gold?gclid=Cj0KCQjwxMmhBhDJARIsANFGOStwy40TxJxIVbjh1Q9I0LDnxj1ONSmkirPTugrGrc1keyQdRBE1qCMaAkhtEALw_wcB#gmf",
   "product3": "Golden Stiletto",
   "product3_link": "https://www.marksandspencer.in/wide-fit-stiletto-heel-court-shoes/p/000000060584424011.html?utm_source=google&utm_medium=cpc&utm_campaign=18267574787&adgroupid=&utm_content=PerformanceMax&utm_term=&gclid=Cj0KCQjwxMmhBhDJARIsANFGOSvt-nIHLhNFFGH_f4gvVkzpgD4mII94O9LD5LGgn7CbaPWxcZRWUGsaAvFOEALw_wcB&gclsrc=aw.ds",
   "product4": "Violet Sun Glasses",
   "product4_link": "https://www.ajio.com/pierre-cardin-204650-full-rim-cat-eye-sunglasses/p/469162401_violet?gclid=Cj0KCQjwxMmhBhDJARIsANFGOStWUMHKtjnFFIZrbytYCws0adHqV4X_bCDC-mmAez0MKSbzzpONG5MaAnAhEALw_wcB#gmf"
  },
  {
   "Outfits": "White Dress Outfits",
   "OutfitName": "WhiteDressOutfit6",
   "image": "Outfits/WhiteDressOutfit6.jpg",
   "product1": "Ari White Dress",
   "product1_link": "https://thesummerhouse.in/products/organic-cotton-ari-white-dress-for-women-online?currency=INR&variant=40678529990767&utm_medium=cpc&utm_source=google&utm_campaign=Google%20Shopping&utm_source=google&utm_medium=cpc&utm_campaign=Pmax_All_Assets&gclid=Cj0KCQjwxMmhBhDJARIsANFGOSsKBHoC5lq-0UmQ8H5ITq7cTfKJp_dHQmmJrSHAlmX6HSsREx-mqS4aAgbCEALw_wcB",
   "product2": "Gray Boots",
   "product2_link": "https://www.ajio.com/flat-n-heels-ankle-length-boots-/p/463223675_grey?gclid=Cj0KCQjwxMmhBhDJARIsANFGOSvjgW5MycHbsJd2lgjfSXCbjOYqC2bhzWkC2YzJy5xXej6W-Z3gw60aAoayEALw_wcB#gmf",
   "product3": "Brown Sling Bag",
   "product3_link": "https://www.myntra.com/handbags/legal-bribe/legal-bribe-brown-solid-structured-sling-bag/20622848/buy?gclid=Cj0KCQjwxMmhBhDJARIsANFGOSvyYLcIS0DByn-ZMglUUFGrgBJaCEeF0wH-9AfuTxrMFRPHg-Yx5JsaAuoCEALw_wcB",
   "product4": "Unisex Scarf",
   "product4_link": "https://rethought.in/products/unisex-winter-scarf-1011?variant=43552581615875¤cy=INR&utm_medium=product_sync&utm_source=google&utm_content=sag_organic&utm_campaign=sag_organic&gclid=Cj0KCQjwxMmhBhDJARIsANFGOSuu4To5BNG-KFr6PqL8YuZgB_d5kPDtF9NIktwMszNBDa0lEx1T5rcaAv19EALw_wcB"
  },
  {
   "Outfits": "White Dress Outfits",
   "OutfitName": "WhiteDressOutfit7",
   "image": "Outfits/WhiteDressOutfit7.jpg",
   "product1": "White Bodycon Dress",
   "product1_link": "https://in.urbanic.com/details/55161?widgetid=13&detail_type=dpa&utm_medium=ppc&biz_type=ppc&channel=google&pid=dHmLNsxX168&gclid=Cj0KCQjwxMmhBhDJARIsANFGOSs-SutRCBs_E-adxfbH5fg2qZa8d2oMKocMkUicljN7qRFHaH1kcGoaAtViEALw_wcB&ad_id=639644119655&short_link_uid=DB1A9D93857A47458993409ED40100E6&adset_id=139405014450&keyword=&campaign_id=19158321577&utm_source=google&short_key=ebmqjv&utm_content=dpa",
   "product2": "Gray Blazer",
   "product2_link": "https://in.urbanic.com/details/98160?widgetid=13&detail_type=dpa&utm_medium=ppc&biz_type=ppc&channel=google&pid=dHmLNsxX168&gclid=Cj0KCQjwxMmhBhDJARIsANFGOSv2qHiWY3pIeIzhGxsGojKGQ5QvM9sxT7FReRqWIDngS-7jH_JJPZUaAvfIEALw_wcB&ad_id=&short_link_uid=DB1A9D93857A47458993409ED40100E6&adset_id=&keyword=&campaign_id=18631542437&utm_source=google&short_key=eqeab3&utm_content=dpa",
   "product3": "Golden Necklace",
   "product3_link": "https://myjewelindia.com/products/18k-gold-plated-stainless-steel-padlock-lock-pendant-necklace-with-paper-clip-chain?variant=43356024439011&gclid=Cj0KCQjwxMmhBhDJARIsANFGOSty1Sv9TaVeFVKbl8kb7h2g254ERR-nur77bbBvmol1b5SIBzeeEiYaAkghEALw_wcB",
   "product4": "Black Sunglasses",
   "product4_link": "https://www.nykaafashion.com/twenty-dresses-by-nykaa-fashion-black-rectangular-oblong-sunglasses/p/6798548?adsource=shopping_india&skuId=6798548&utm_content=ads&utm_source=GooglePaid&utm_medium=PLA&utm_campaign=Sok-PerformanceMax-Pvt-20Dresses&gclid=Cj0KCQjwxMmhBhDJARIsANFGOSuMoXVnug9QgE7oLK3G0OLFDeOP2hNR2pmHFNmX3OBg8zD1LCSMKWMaAqQUEALw_wcB"
  },
  {
   "Outfits": "White Dress Outfits",
   "OutfitName": "WhiteDressOutfit8",
   "image": "Outfits/WhiteDressOutfit8.jpg",
   "product1": "White Dress",
   "product1_link": "https://thesummerhouse.in/products/organic-cotton-ari-white-dress-for-women-online?currency=INR&variant=40678529990767&utm_medium=cpc&utm_source=google&utm_campaign=Google%20Shopping&utm_source=google&utm_medium=cpc&utm_campaign=Pmax_All_Assets&gclid=Cj0KCQjwxMmhBhDJARIsANFGOStlB9-9aNL1NJu025FvL5weJ5LvgS2JOGXNiWi4G1lFyTSq3W4OuusaAlIdEALw_wcB",
   "product2": "Black Sunglasses",
   "product2_link": "https://www.nykaafashion.com/twenty-dresses-by-nykaa-fashion-like-a-climax-sunglasses/p/5480408?adsource=shopping_india&skuId=5480408&utm_content=ads&utm_source=GooglePaid&utm_medium=PLA&utm_campaign=Sok-PerformanceMax-Pvt-20Dresses&gclid=Cj0KCQjwxMmhBhDJARIsANFGOSvQHaufsKf-1kV8r2M0Hhcc17Q7uSZh_ccrgdlRcfGEr3-vrhYVPwwaAv93EALw_wcB",
   "product3": "Black Leather Jacket",
   "product3_link": "https://www.ajio.com/rio-biker-jacket-with-zip-pockets/p/441142852_black?gclid=Cj0KCQjw27mhBhC9ARIsAIFsETFMDKwYrvISvkPDKmH62j__u7B2q1SrygdNJFf_PmMDZpw4XFbLs-EaAuqTEALw_wcB#gmf",
   "product4": "White Shoes",
   "product4_link": "https://www.ajio.com/adorly-textured-lace-up-casual-shoes/p/460794049_white?gclid=Cj0KCQjwxMmhBhDJARIsANFGOSsLQzSYFulIPtwnmB4hZODj4yet1vSpXYqbGMibisYaWVPZU2IR6ywaAr0hEALw_wcB#gmf"
  },
  {
   "Outfits": "White Dress Outfits",
   "OutfitName": "WhiteDressOutfit9",
   "image": "Outfits/WhiteDressOutfit9.jpg",
   "product1": "White Dress",
   "product1_link": "https://www.styched.in/products/button-down-layered-dress-white?gclid=Cj0KCQjwxMmhBhDJARIsANFGOStAn9xMzCZ3f2FkLFMuvHt0Lb4mdY0AOGnnAYkGzK7lJ75WOdlnva0aAoVeEALw_wcB&variant=39743959072952",
   "product2": "Green Ballerinas",
   "product2_link": "https://www.nykaafashion.com/twenty-dresses-by-nykaa-fashion-green-stay-close-heels/p/4528543?adsource=shopping_india&skuId=4528447&utm_content=ads&utm_source=GooglePaid&utm_medium=PLA&utm_campaign=Sok-PerformanceMax-Pvt-20Dresses&gclid=Cj0KCQjwxMmhBhDJARIsANFGOSvgk3DkHki1XjiPaBsdnUsxiybP5azhbdOFxlfbIp9W0ya0F6fznAsaAlmkEALw_wcB",
   "product3": "Green Sling Bag",
   "product3_link": "https://www.forever21.in/p/forever-21-solid-handbags-848786.html?size=ONE%20SIZE&gclid=Cj0KCQjwxMmhBhDJARIsANFGOSu1I9YbEwsxOh6IYod3vGiagbfY5b6tQD-Q5chAlYNijMH1sz40OEgaAs96EALw_wcB",
   "product4": "Sunglasses",
   "product4_link": "https://www.ajio.com/nuvew-uv-protected-cat-eye-sunglasses/p/464898228_grey?gclid=Cj0KCQjwxMmhBhDJARIsANFGOStGWXcevrI7kKNka628PB9VW1DNUHtYo8U9ra_y4InrEkVly7fzTlEaAvg4EALw_wcB#gmf"
  },
  {
   "Outfits": "Green Hoodie Outfits",
   "OutfitName": "GreenHoodiesOutfit1",
   "image": "Outfits/GreenHoodiesOutfit1.jpg",
   "product1": "Olive Green Hoodie",
   "product1_link": "https://www.myntra.com/dresses/mast--harbour/mast--harbour-women-olive-green-typography-solid-jumper-dress-with-a-hoodie/19187546/buy?gclid=Cj0KCQjwxMmhBhDJARIsANFGOSsqSlOkcMpJWGXJAf-kOZGq3ZRnaEJrlJIFUn_V0FmBI-1JtAoIgxkaAkFtEALw_wcB",
   "product2": "White Straight Pants",
   "product2_link": "https://www.myntra.com/trousers/la-aimee/la-aimee-women-white-loose-fit-high-rise-trousers-70-cotton/17923962/buy?gclid=Cj0KCQjwxMmhBhDJARIsANFGOSsTEC_M5hXcWKNDbdSz6k6UkYdv1xjEghlvkG0tDG4Wre4jgIzoZTIaAvgnEALw_wcB",
   "product3": "Olive Green Sneakers",
   "product3_link": "https://theaurous.com/products/the-aurous-falcon-laceup-sneakers?variant=42909377528062¤cy=INR&utm_medium=product_sync&utm_source=google&utm_content=sag_organic&utm_campaign=sag_organic&gclid=Cj0KCQjwxMmhBhDJARIsANFGOStLYDFaD-Gn5LEuCsBXRkzGHy9RETPZz4yIKobkIAx5TXxZLTdBlcQaAgR7EALw_wcB"
  },
  {
   "Outfits": "Green Hoodie Outfits",
   "OutfitName": "GreenHoodiesOutfit2",
   "image": "Outfits/GreenHoodiesOutfit2.jpg",
   "product1": "Olive Green Hoodie",
   "product1_link": "https://www.creaturesofhabit.in/products/brushed-terry-hoodie-men-forest-green?variant=41855088754885&utm_source=Google&utm_medium=PerfMax&utm_campaign=COH_Google_Pmax_Asac_WF_TVC&utm_Keyword=&utm_creative=&utm_placement=&utm_device=c&gclid=Cj0KCQjwxMmhBhDJARIsANFGOSsiXSGEgqfYLw3dR_d8_PHc66UTKHV94k66j9gaegqjpQPiJeNEsy0aApk0EALw_wcB",
   "product2": "White Tshirt",
   "product2_link": "https://www2.hm.com/en_in/productpage.0685816001.html?gclid=Cj0KCQjwxMmhBhDJARIsANFGOSsjm9Fp_Va5raLxL2vj5AM0pf0NQMoX58J58Go4rwiZ5mUBq5NBx3UaAq7zEALw_wcB",
   "product3": "Brown Cap",
   "product3_link": "https://www.nykaafashion.com/bharatasya-stylish-cable-knit-winter-woollen-slouchy-beanie-cap-in-peanut-brown-1/p/1226416?adsource=shopping_india&skuId=1226416&utm_content=ads&utm_source=GooglePaid&utm_medium=PLA&utm_campaign=Sok-PerformanceMax-CatchAll&gclid=Cj0KCQjwxMmhBhDJARIsANFGOSuzOxXq8DheEZOl55UuRywV-iDLSZlUtMYn8NZ6PPzgK1czCZ1FOFoaAvTmEALw_wcB",
   "product4": "Black Jeans",
   "product4_link": "https://www.myntra.com/jeans/roadster/roadster-men-black-slim-fit-mid-rise-clean-look-stretchable-jeans/7139482/buy?gclid=Cj0KCQjwxMmhBhDJARIsANFGOSucQSybxEG69q8BE8vw1yhOLrbif2sehnk_wiONMixG6iAfLIgffRwaAvsiEALw_wcB"
  },
  {
   "Outfits": "Green Hoodie Outfits",
   "OutfitName": "GreenHoodiesOutfit3",
   "image": "Outfits/GreenHoodiesOutfit3.jpg",
   "product1": "Neon Green Hoodie",
   "product1_link": "https://www.myntra.com/dresses/besiva/besiva-women-green-solid-hooded-mini-sweatshirt-dress/10849682/buy?gclid=Cj0KCQjwxMmhBhDJARIsANFGOSuayokyKaoDiS8ddtQ7VafSAMxRVj2zKeQ1eixiH_X8kXrxuyT50fIaApsvEALw_wcB",
   "product2": "Blue shoulder Bag",
   "product2_link": "https://www.flipkart.com/thousanddots-women-blue-shoulder-bag/p/itmfa05b79eb2d9b?pid=HMBGZ3TYGGEBDJH6&lid=LSTHMBGZ3TYGGEBDJH6M8EJXP&marketplace=FLIPKART&cmpid=content_hand-messenger-bag_8965229628_gmc",
   "product3": "Black Ribbed Jeans",
   "product3_link": "https://freakins.com/products/black-ripped-jeans?variant=40046500642977¤cy=INR&utm_medium=product_sync&utm_source=google&utm_content=sag_organic&utm_campaign=sag_organic&utm_source=SHP_Google&utm_campaign=16090066537&utm_medium=&utm_content=&utm_term=&gclid=Cj0KCQjwxMmhBhDJARIsANFGOStxRrFUcmdLLeAgLR2tOzeNomNxnQQST_dwmTllz7wH1dB5WzHDV-0aAgxcEALw_wcB",
   "product4": "White Shoes",
   "product4_link": "https://www.luluandsky.com/black-white-lace-up-trainers.html?srsltid=AfAwrE6N87nZMb6khCUfHS2J7hIKVRzxBVXdeAlrj-zYEePU0f5MaS7roW8"
  },
  {
   "Outfits": "Green Hoodie Outfits",
   "OutfitName": "GreenHoodiesOutfit4",
   "image": "Outfits/GreenHoodiesOutfit4.jpg",
   "product1": "Green Hoodie",
   "product1_link": "https://www.forever21.in/p/forever-21-solid-sweatshirts-and-hoodies-854440.html?size=M&gclid=Cj0KCQjwxMmhBhDJARIsANFGOSubox_p6ZMVwBM2GF_HR3vY7TAT0LTvbYPg-1-QLMhl65qvVxiFJNYaAmWZEALw_wcB",
   "product2": "Blue Jeans",
   "product2_link": "https://www.myntra.com/jeans/hm/hm-men-blue-regular-jeans/15193880/buy?gclid=Cj0KCQjwxMmhBhDJARIsANFGOSvZxXkpVkWiIfw3nwFIS14RpRY2zcE1mNFRinlZK5qsQ5IORMH7iY8aAqsTEALw_wcB",
   "product3": "Black Beanies",
   "product3_link": "https://www.forever21.in/p/forever-21-solid-beanies-and-berets-848826.html?size=ONE%20SIZE&gclid=Cj0KCQjwxMmhBhDJARIsANFGOSsh3EP_ysKpmlRh0chTm_Gf5eTQiZooC4SdJZno5FgvXsNChmQd_moaAhSkEALw_wcB",
   "product4": "Neck Chain",
   "product4_link": "https://www.myntra.com/necklace-and-chains/roadster/roadster-men-silver-plated-ring-pendant-chain/15312308/buy?gclid=Cj0KCQjwxMmhBhDJARIsANFGOSudFcwQyPhqHpztRUpeiMmaZSbm37YzWXbRcS8Yl7iA4MiYGP_Oo9caAuzkEALw_wcB"
  },
  {
   "Outfits": "Green Hoodie Outfits",
   "OutfitName": "GreenHoodiesOutfit5",
   "image": "Outfits/GreenHoodiesOutfit5.jpg",
   "product1": "Green Hoodie",
   "product1_link": "https://www.myntra.com/sweatshirts/dressberry/dressberry-women-green-solid-sweatshirt/14551480/buy?gclid=Cj0KCQjwxMmhBhDJARIsANFGOSvrIqhY5Dis9jxnLEQL8sEHa-C2eJy7WC9s8iqtBQBpCw-uEnvdKooaAsejEALw_wcB",
   "product2": "Navy Blue Lower",
   "product2_link": "https://www.myntra.com/tights/adidas/adidas-women-navy-blue--white-3-stripes-solid-tights/17005434/buy?gclid=Cj0KCQjwxMmhBhDJARIsANFGOSueOErDjgW3jkVOLz3wtiPoyG77VWAIRKSgK0EUqhixj8sNMfIhIHIaAhrzEALw_wcB",
   "product3": "Long Boots",
   "product3_link": "https://www2.hm.com/en_in/productpage.1076389002.html?gclid=Cj0KCQjwxMmhBhDJARIsANFGOSspn05y_axFUCMhRkwD559PZ9P6__qc4ZyyNvFLmjzLk_s5iAUFYG8aAoq5EALw_wcB"
  },
  {
   "Outfits": "Green Hoodie Outfits",
   "OutfitName": "GreenHoodiesOutfit6",
   "image": "Outfits/GreenHoodiesOutfit6.jpg",
   "product1": "Olive Green Hoodie",
   "product1_link": "https://www.jackjones.in/105167404-trekking-green?gclid=Cj0KCQjwxMmhBhDJARIsANFGOSueRqImZ0lwah44ltxn_WeprtiQEnnCA-QfgcI3Y445nxwx1KvbBDgaApa3EALw_wcB",
   "product2": "White Shoes",
   "product2_link": "https://www.nykaafashion.com/puma-smashic-unisex-white-sneakers/p/9750191?adsource=shopping_india&skuId=9748725&utm_content=ads&utm_source=GooglePaid&utm_medium=PLA&utm_campaign=Sok-PerformanceMax-CatchAll&gclid=Cj0KCQjwxMmhBhDJARIsANFGOStfEdX7R10W2GWv0aG8hZTzPRc-VK06sShqjm6H2DZ7kjvS9L5XD7saAmZSEALw_wcB",
   "product3": "Beige Lower",
   "product3_link": "https://www.nykaafashion.com/sapper-men-s-beige-cotton-solid-cargo/p/4460788?adsource=shopping_india&skuId=4460757&utm_content=ads&utm_source=GooglePaid&utm_medium=PLA&utm_campaign=Sok-PerformanceMax-CatchAll&gclid=Cj0KCQjwxMmhBhDJARIsANFGOSuokeDPjpfiht10FmRkxeQ2lT1a8xw7WNnGpgImwGnbdxI32i7aZPsaAmF8EALw_wcB"
  },
  {
   "Outfits": "Green Hoodie Outfits",
   "OutfitName": "GreenHoodiesOutfit7",
   "image": "Outfits/GreenHoodiesOutfit7.jpg",
   "product1": "Olive Green Hoodie",
   "product1_link": "https://www.thesouledstore.com/product/solids-emerald-green-men-oversize-hoodie",
   "product2": "White Tshirt",
   "product2_link": "https://www2.hm.com/en_in/productpage.0685816001.html?gclid=Cj0KCQjwxMmhBhDJARIsANFGOSsjm9Fp_Va5raLxL2vj5AM0pf0NQMoX58J58Go4rwiZ5mUBq5NBx3UaAq7zEALw_wcB",
   "product3": "Beige Loafers",
   "product3_link": "https://www.jackjones.in/138246601-buttercream?gclid=Cj0KCQjwxMmhBhDJARIsANFGOSt__03O8upW5nuG4QkeOpsiE1O57j47rwD0auZ_Qpgx6TN-0IPl6gAaAjq5EALw_wcB",
   "product4": "White Cap",
   "product4_link": "https://www.nykaafashion.com/jack-jones-men-embroidered-beige-cap/p/9020964?adsource=shopping_india&skuId=9020964&utm_content=ads&utm_source=GooglePaid&utm_medium=PLA&utm_campaign=Sok-PerformanceMax-CatchAll&gclid=Cj0KCQjwxMmhBhDJARIsANFGOSvuDqkvRIzkuMh6cHqasFzKvZEszQ96qZC7rIxdme8qe6Ctw5yyouUaAsImEALw_wcB"
  },
  {
   "Outfits": "Green Hoodie Outfits",
   "OutfitName": "GreenHoodiesOutfit8",
   "image": "Outfits/GreenHoodiesOutfit8.jpg",
   "product1": "Green Hoodie",
   "product1_link": "https://www.adidas.co.in/essentials-fleece-hoodie/HL2276.html?cm_mmc=AdieSEM_Google_PLA-_-PerformanceMax-_-PerformanceMax-_-PLA-_-dv%3AeCom-_-cn%3APerformanceMax-_-pc%3AGoogle_PLA&cm_mmc1=IN&cm_mmc2=PLA-Multiple-brand-Multiple-None-IN-EMEA-eCom-Paid_Search&gclid=Cj0KCQjwxMmhBhDJARIsANFGOSudnTLQsP46nLNqZYFkRRAsf_3Jw0JsV2topVdSewyG7_cug67S7XIaAtg-EALw_wcB",
   "product2": "White Tshirt",
   "product2_link": "https://www2.hm.com/en_in/productpage.0685816001.html?gclid=Cj0KCQjwxMmhBhDJARIsANFGOSsjm9Fp_Va5raLxL2vj5AM0pf0NQMoX58J58Go4rwiZ5mUBq5NBx3UaAq7zEALw_wcB",
   "product3": "Black Cap",
   "product3_link": "https://www2.hm.com/en_in/productpage.0982708001.html?gclid=Cj0KCQjwxMmhBhDJARIsANFGOSv0M4JxQZcuodAn43El8AyAtRSvyC5ye-gK_4TFDSHGOhTgNAChUHQaAk1-EALw_wcB",
   "product4": "Navy Blue Jeans",
   "product4_link": "https://www.lifestylestores.com/in/en/SHOP-Levi%27s-Blue-LEVI%27S-Men-Solid-Regular-Straight-Jeans/p/1000010590340?gclid=Cj0KCQjwxMmhBhDJARIsANFGOSsUcBU5t7-utoKgru6pcBoZCmOh7Anlh2Ue8uqcLC7gkHSFSkgApS0aAgFvEALw_wcB"
  },
  {
   "Outfits": "Green Hoodie Outfits",
   "OutfitName": "GreenHoodiesOutfit9",
   "image": "Outfits/GreenHoodiesOutfit9.jpg",
   "product1": "Green Hoodie",
   "product1_link": "https://www.myntra.com/sweatshirts/forever-21/forever-21-women-green-sweatshirt-with-printed-detail/15412300/buy?gclid=Cj0KCQjwxMmhBhDJARIsANFGOSsd8_2gXvjnntf1kOyiOsTnCmabfiIp-u3ib1TOKGC1Z0xpjpOtZ34aAlptEALw_wcB",
   "product2": "Yellow Jacket",
   "product2_link": "https://www.myntra.com/jackets/forever-21/forever-21-women-crop-puffer-jacket/21036270/buy?gclid=Cj0KCQjwxMmhBhDJARIsANFGOStz6ZGpbPIzo0u2K6zDzftPHMnjF88HBQXEEk8x9xaL4-LsrU6av2EaAkpiEALw_wcB",
   "product3": "Brown Long Boots",
   "product3_link": "https://www.nykaafashion.com/london-rag-solid-brown-casual-boots/p/8567159?adsource=shopping_india&skuId=8566960&utm_content=ads&utm_source=GooglePaid&utm_medium=PLA&utm_campaign=Sok-PerformanceMax-Women-Footwear&gclid=Cj0KCQjwxMmhBhDJARIsANFGOStn53zaYDhvmuLRFENZMUUS2X2C5FOigKHO85AmKKnlk-HSh99zb1caAiDJEALw_wcB",
   "product4": "Blue Jeans",
   "product4_link": "https://www.ajio.com/dnmx-lightly-washed-straight-fit-jeans/p/441141526_mediumblue?gclid=Cj0KCQjw27mhBhC9ARIsAIFsETEHbjczAfVH_uFwWtXFNynfCiRVIVsnqVCNzMxjj6Ndk3GXuPcvoD0aAttNEALw_wcB#gmf"
  },
  {
   "Outfits": "Black Cargo Outfits",
   "OutfitName": "BlackCargoOutfit1",
   "image": "Outfits/BlackCargoOutfit1.jpg",
   "product1": "Black Cargo",
   "product1_link": "https://www.myntra.com/trousers/roadster/the-roadster-lifestyle-co-women-black-joggers-trousers/15441226/buy?gclid=CjwKCAjw586hBhBrEiwAQYEnHewbT37CO045S7MTkhdsM-0W9FjlsxFxx5US_MZpuUSue6OQLE7S9RoClsMQAvD_BwE",
   "product2": "Black Crop Top",
   "product2_link": "https://www.styched.in/products/form-fitted-crop-top-black?gclid=CjwKCAjw586hBhBrEiwAQYEnHSQaayVHdVkFTvxqLWnLSvCFoeIhxG2EBYEwiGWsmkVBSCGjEKc5ghoCvLEQAvD_BwE&variant=37547892900024",
   "product3": "Black Boots",
   "product3_link": "https://www.ajio.com/adorly-lace-up-ankle-length-boots/p/460796857_black?gclid=CjwKCAjw586hBhBrEiwAQYEnHWfpWYOmTG6Ovg-dGPkPe4l0Asn7-sJ_4iYSxYSpGRBqMof6Ft2zqhoCyEQQAvD_BwE#gmf",
   "product4": "Oversized Check Blazer Jacket",
   "product4_link": "https://www.defacto.com/en-kz/coool-oversize-fit-kare-desenli-dugmeli-blazer-ceket-2439017"
  },
  {
   "Outfits": "Black Cargo Outfits",
   "OutfitName": "BlackCargoOutfit2",
   "image": "Outfits/BlackCargoOutfit2.jpg",
   "product1": "Black Cargo",
   "product1_link": "https://in.urbanic.com/details/93971?widgetid=13&detail_type=dpa&utm_medium=ppc&biz_type=ppc&channel=google&pid=dHmLNsxX168&gclid=CjwKCAjw586hBhBrEiwAQYEnHUMrlKhAIWdRFv13f5CmzgEkLRthd2cVEsmVj3APNcDEkeaL97FQoxoCd9EQAvD_BwE&ad_id=&short_link_uid=DB1A9D93857A47458993409ED40100E6&adset_id=&keyword=&campaign_id=18631542437&utm_source=google&short_key=bmnrnf&utm_content=dpa",
   "product2": "Black Jacket",
   "product2_link": "https://in.urbanic.com/details/49602?widgetid=13&detail_type=dpa&utm_medium=ppc&biz_type=ppc&channel=google&pid=dHmLNsxX168&gclid=CjwKCAjw586hBhBrEiwAQYEnHQ_DhNMy9skxgTRdYTQcZxVhPyp5zqVBaq5ywdoz348ad2xfac6h-hoCiTAQAvD_BwE&ad_id=640684855582&short_link_uid=DB1A9D93857A47458993409ED40100E6&adset_id=149938920848&keyword=&campaign_id=19218102935&utm_source=google&short_key=fmb2e2&utm_content=dpa",
   "product3": "Black Crop Top",
   "product3_link": "https://www.styched.in/products/form-fitted-crop-top-black?gclid=CjwKCAjw586hBhBrEiwAQYEnHeWSmuyIL8-tXaAAthgDv1TDyvY96mAvHGlPtzA9oYJ1D77WIWQoYxoCWRIQAvD_BwE&variant=37547892900024",
   "product4": "Black Beanie",
   "product4_link": "https://www.amazon.in/DIGITAL-SHOPEE-Womens-Woollen-Winter/dp/B08QJMCGP1/ref=asc_df_B08QJMCGP1/?tag=googleshopdes-21&linkCode=df0&hvadid=475592493809&hvpos=&hvnetw=g&hvrand=17412908873970439304&hvpone=&hvptwo=&hvqmt=&hvdev=c&hvdvcmdl=&hvlocint=&hvlocphy=9300836&hvtargid=pla-1087399813903&psc=1&ext_vrnc=hi"
  },
  {
   "Outfits": "Black Cargo Outfits",
   "OutfitName": "BlackCargoOutfit3",
   "image": "Outfits/BlackCargoOutfit3.jpg",
   "product1": "Black Cargo",
   "product1_link": "https://in.urbanic.com/details/69207?widgetid=13&detail_type=dpa&utm_medium=ppc&biz_type=ppc&channel=google&pid=dHmLNsxX168&gclid=CjwKCAjw586hBhBrEiwAQYEnHQZ-fQXIw1yXDe8O-ZvtIcs0fbOsQZGP8yzhdDGujNE3uHF6AEXewRoCNqoQAvD_BwE&ad_id=640684855582&short_link_uid=DB1A9D93857A47458993409ED40100E6&adset_id=149938920848&keyword=&campaign_id=19218102935&utm_source=google&short_key=b6ziir&utm_content=dpa",
   "product2": "Brown Crop Top",
   "product2_link": "https://www.amazon.in/Womens-Basic-Sleeveless-Halter-Racer/dp/B0B2MN38XC/ref=asc_df_B0B2MN38XC/?tag=googleshopdes-21&linkCode=df0&hvadid=602295382003&hvpos=&hvnetw=g&hvrand=15931608928817673221&hvpone=&hvptwo=&hvqmt=&hvdev=c&hvdvcmdl=&hvlocint=&hvlocphy=9300836&hvtargid=pla-1674719167649&th=1&psc=1",
   "product3": "Golden Necklace",
   "product3_link": "https://www.giva.co/products/golden-star-constellation-necklace?currency=INR&variant=39330763669666&utm_medium=cpc&utm_source=google&utm_campaign=Google%20Shopping&gclid=CjwKCAjw586hBhBrEiwAQYEnHZzMnUaZk6u8QS8z7rIwa8KhQIkLOKsqRKU2kVqxNqFAuhdxvmhx1xoCkmoQAvD_BwE",
   "product4": "Sling Bag ",
   "product4_link": "https://www.nykaafashion.com/eridani-saturn-belt-bag/p/2457718?adsource=shopping_india&skuId=2457718&utm_content=ads&utm_source=GooglePaid&utm_medium=PLA&utm_campaign=Sok-PerformanceMax-CatchAll&gclid=CjwKCAjw586hBhBrEiwAQYEnHT7vL84rhmkVtuHbXFbuDDEavXrTptC_uXeBHpuoDgWnLqGhEV1G1xoCJbIQAvD_BwE"
  },
  {
   "Outfits": "Black Cargo Outfits",
   "OutfitName": "BlackCargoOutfit4",
   "image": "Outfits/BlackCargoOutfit4.jpg",
   "product1": "Black Cargo",
   "product1_link": "https://in.urbanic.com/details/92426?widgetid=13&detail_type=dpa&utm_medium=ppc&biz_type=ppc&channel=google&pid=dHmLNsxX168&gclid=CjwKCAjw586hBhBrEiwAQYEnHVD3fS90UDVhUzNjXkbOi1P0YPG8oXqCRR1_Bz2E-9wEZNFAdE7g3BoCnAYQAvD_BwE&ad_id=&short_link_uid=DB1A9D93857A47458993409ED40100E6&adset_id=&keyword=&campaign_id=18631542437&utm_source=google&short_key=v6jimu&utm_content=dpa",
   "product2": "White Crop Top",
   "product2_link": "https://www.burgerbaeclothing.com/products/beverley-top?variant=42641435885791¤cy=INR&utm_medium=product_sync&utm_source=google&utm_content=sag_organic&utm_campaign=sag_organic&utm_source=googleads&utm_medium=analyticks&utm_keyword=&gclid=CjwKCAjw586hBhBrEiwAQYEnHVmg5Q7uKm4fYHqX5qW0jgDnR-cPljS9Kr5Rop-1uhC1b2Kd0vSRRRoCPOwQAvD_BwE",
   "product3": "Black Boots",
   "product3_link": "https://www.myntra.com/boots/roadster/roadster-women-black-solid-leather-mid-top-platform-heel-boots/20063254/buy?gclid=CjwKCAjw586hBhBrEiwAQYEnHYsRLlqKKeHMWSOzgwWAKeC4nM0UNi7vZmKz_53bzZw0O0AUkXr3xBoCdosQAvD_BwE",
   "product4": "Necklace",
   "product4_link": "https://www.amazon.in/Sorellaz-Womens-Golden-Coin-Necklace/dp/B09KQTVGZG/ref=asc_df_B09KQTVGZG/?tag=googleshopdes-21&linkCode=df0&hvadid=586382175571&hvpos=&hvnetw=g&hvrand=17563480229076899205&hvpone=&hvptwo=&hvqmt=&hvdev=c&hvdvcmdl=&hvlocint=&hvlocphy=9050497&hvtargid=pla-1665919404609&psc=1"
  },
  {
   "Outfits": "Black Cargo Outfits",
   "OutfitName": "BlackCargoOutfit5",
   "image": "Outfits/BlackCargoOutfit5.jpg",
   "product1": "Black Cargo",
   "product1_link": "https://www.amazon.in/BEEVEE-Mens-Cargo-Pants-FMCR1602BLACK_36_Black_36/dp/B0169WWQZY/ref=asc_df_B0169WWQZY/?tag=googleshopdes-21&linkCode=df0&hvadid=396986072058&hvpos=&hvnetw=g&hvrand=15767398016751719548&hvpone=&hvptwo=&hvqmt=&hvdev=c&hvdvcmdl=&hvlocint=&hvlocphy=9050497&hvtargid=pla-404032766146&ext_vrnc=hi&th=1&psc=1",
   "product2": "White T-Shirt",
   "product2_link": "https://www2.hm.com/en_in/productpage.0685816001.html?gclid=CjwKCAjw586hBhBrEiwAQYEnHWwpI-BLa4UhVJWQHaH1bbahJDO4Kv4VLowV5II8U0ZyyAmG5NAJuBoCdlMQAvD_BwE",
   "product3": "Jacket",
   "product3_link": "https://www2.hm.com/en_in/productpage.0989533004.html?gclid=CjwKCAjw586hBhBrEiwAQYEnHfxsZ6R6JJjOv3l8bheAP_EGdZ8kTb97Hs-siQOhNL0OQfndo2lcghoCUPQQAvD_BwE",
   "product4": "Black Cap",
   "product4_link": "https://www2.hm.com/en_in/productpage.0982708001.html?gclid=CjwKCAjw586hBhBrEiwAQYEnHRFj2KgCmyHLyFc955ez45ZTfKLEBanK8v76MpKbTOhY_HgdT4iIPBoC_1IQAvD_BwE"
  },
  {
   "Outfits": "Black Cargo Outfits",
   "OutfitName": "BlackCargoOutfit6",
   "image": "Outfits/BlackCargoOutfit6.jpg",
   "product1": "Black Cargo",
   "product1_link": "https://freakins.com/products/midnight-sky-cargo-pants?variant=42841582698657¤cy=INR&utm_medium=product_sync&utm_source=google&utm_content=sag_organic&utm_campaign=sag_organic&utm_source=SHP_Google&utm_campaign=16090066537&utm_medium=&utm_content=&utm_term=&gclid=CjwKCAjw586hBhBrEiwAQYEnHdgwieNKmXhqRd13K4BgizGXeHjKNApeAvbeLyABIokm1ETf41PdExoCS7kQAvD_BwE",
   "product2": "Red Tube Top",
   "product2_link": "https://www.styched.in/products/solid-crop-red-tube-top?gclid=CjwKCAjw586hBhBrEiwAQYEnHR7iS8ERf9-yY2N7f1SFxYoG8TJwfxzFw0imJr2BakAmtUCnT3F7JRoC538QAvD_BwE&variant=40586815930552",
   "product3": "Black Knit Top ",
   "product3_link": "https://www.farfetch.com/in/shopping/women/aeron-long-sleeve-knit-crop-top-item-19239780.aspx",
   "product4": "Black Boots",
   "product4_link": "https://www.myntra.com/boots/shoetopia/shoetopia-women-black-block-heeled-boots/16403974/buy?gclid=CjwKCAjw586hBhBrEiwAQYEnHdFyaYuh5XeO0rFlrpxLRdCGgaSeOEfThQ5rjCPAtiZYt8lG7rtFmRoCZnMQAvD_BwE"
  },
  {
   "Outfits": "Black Cargo Outfits",
   "OutfitName": "BlackCargoOutfit7",
   "image": "Outfits/BlackCargoOutfit7.jpg",
   "product1": "Black Cargo",
   "product1_link": "https://www.snitch.co.in/products/streetstyle-black-cargo-pant?variant=43159042293922¤cy=INR&utm_source=google&utm_medium=cpc&utm_campaign=VM_Performance_Max_CatchAll_21Jun%2722&gclid=CjwKCAjw586hBhBrEiwAQYEnHTSGpIhu9PFeoHGhm9f38Ue5Ng-TaYT9bHFrsEa18wg_E5tZrZy2lhoCJMsQAvD_BwE",
   "product2": "Black T-Shirt",
   "product2_link": "https://www.burgerbaeclothing.com/products/basic-oversized-tee-t-shirt-for-men?variant=43788552405215¤cy=INR&utm_medium=product_sync&utm_source=google&utm_content=sag_organic&utm_campaign=sag_organic&utm_source=googleads&utm_medium=analyticks&utm_keyword=&gclid=CjwKCAjw586hBhBrEiwAQYEnHWkHtvAUJ62aZTjuFg6dmVehegkSXba_LuUERVIObineF15KcyAVrBoCb4IQAvD_BwE",
   "product3": "Black Sling Bag ",
   "product3_link": "https://www2.hm.com/en_in/productpage.1067017001.html?gclid=CjwKCAjw586hBhBrEiwAQYEnHSwl0wIllxZtsubEoG7ZuMLrspNnq3UG2KwooiJJUWzq_t4hdn5mKRoCngUQAvD_BwE",
   "product4": "Watch",
   "product4_link": "https://www.myntra.com/watches/mast--harbour/mast--harbour-men-black-analogue-watch-mfb-pn-lw3211/2211671/buy?gclid=CjwKCAjw586hBhBrEiwAQYEnHZaslpJMI8cfw0RREWQLrgpOsepkNWcxGeUapkUGXhbfchi0XIuZqRoCnS4QAvD_BwE"
  },
  {
   "Outfits": "Black Cargo Outfits",
   "OutfitName": "BlackCargoOutfit8",
   "image": "Outfits/BlackCargoOutfit8.jpg",
   "product1": "Black Cargo",
   "product1_link": "https://www.styched.in/products/high-rise-cargo-jogger?gclid=CjwKCAjw586hBhBrEiwAQYEnHXAexSQktyGJd54yv6DMgOqR9bmb0rpXJ4ceUivPF_a-wARf94YZKxoCQ84QAvD_BwE&variant=32560659759150",
   "product2": "Grey Crop Top",
   "product2_link": "https://in.urbanic.com/details/41989?widgetid=13&detail_type=dpa&utm_medium=ppc&biz_type=ppc&channel=google&pid=dHmLNsxX168&gclid=CjwKCAjw586hBhBrEiwAQYEnHaQ-n8sfoyJW892sahHjQwNFrvq42sW0apwGXoMq5KlrILJdZ67pTBoCahEQAvD_BwE&ad_id=&short_link_uid=DB1A9D93857A47458993409ED40100E6&adset_id=&keyword=&campaign_id=19390549854&utm_source=google&short_key=jjiqju&utm_content=dpa",
   "product3": "Black sling Bag ",
   "product3_link": "https://in.urbanic.com/details/91275?widgetid=13&detail_type=dpa&utm_medium=ppc&biz_type=ppc&channel=google&pid=dHmLNsxX168&gclid=CjwKCAjw586hBhBrEiwAQYEnHaTVnz-qICSA8N96Ru7_rRVFYPnryJM6Il4PGNSqbv2FyScHssuvRxoCbEYQAvD_BwE&ad_id=&short_link_uid=DB1A9D93857A47458993409ED40100E6&adset_id=&keyword=&campaign_id=18316170946&utm_source=google&short_key=vezimy&utm_content=dpa",
   "product4": "Black Boots",
   "product4_link": "https://www.ajio.com/shoetopia-ankle-length-lace-up-boots/p/465485016_black?gclid=CjwKCAjw586hBhBrEiwAQYEnHZfL2r0nOJw3cerFCMgsXnkuWSBmBdCKSLxhEkHSOJkGVpslnj-bTBoCx9MQAvD_BwE#gmf"
  },
  {
   "Outfits": "Black Cargo Outfits",
   "OutfitName": "BlackCargoOutfit9",
   "image": "Outfits/BlackCargoOutfit9.jpg",
   "product1": "Black Cargo",
   "product1_link": "https://freakins.com/products/copy-of-patch-pocket-cargo-jeans?variant=42940389425313¤cy=INR&utm_medium=product_sync&utm_source=google&utm_content=sag_organic&utm_campaign=sag_organic&utm_source=SHP_Google&utm_campaign=19604655592&utm_medium=&utm_content=&utm_term=&gclid=CjwKCAjw586hBhBrEiwAQYEnHZ0W2WiqMWdp4lQ_Mvxjc33i79U2S8Uro7ah1l9ZBgzIvoB6G3q3wBoCVpkQAvD_BwE",
   "product2": "White T-Shirt",
   "product2_link": "https://www.uniqlo.com/in/en/products/E434163-000?colorCode=COL00&sizeCode=SMA003&gclid=CjwKCAjw586hBhBrEiwAQYEnHRJBFM1AUlTQyNgeAr96SEHcWffsFUiYAvzI3vebBo4irsRTsn9dyRoCorYQAvD_BwE",
   "product3": "Grey Jacket",
   "product3_link": "https://thehouseofrare.com/products/tweeder-mens-jacket-green?utm_source=adyogi&utm_medium=google-performancemax&utm_campaign=RARE_3422_adyogi_Performancemax_Prospect_AllOthers&gclid=CjwKCAjw586hBhBrEiwAQYEnHcTT8vyFMr_dImWN64dqm0N6UUgSdJjF6TChbE8wOZYy2GsvYyv0GBoClBQQAvD_BwE",
   "product4": "Black Cap",
   "product4_link": "https://in.puma.com/in/en/pd/liga-unisex-cap/022356?swatch=03&size=0100&gclid=CjwKCAjw586hBhBrEiwAQYEnHZfgldlLR5IPo4y3E9mm-KlQsW_Ihx77If598c_RvyiqqVhszVpE9RoCoDYQAvD_BwE&utm_aud=MULT&utm_campaign=DSP_GGL_DDA_MULT_TRA_PerformanceMax_Discounted&utm_medium=DSP&utm_obj=TRA&utm_source=GGL-DDA"
  },
  {
   "Outfits": "Blue Skirt Outfits",
   "OutfitName": "BlueSkirtOutfit1",
   "image": "Outfits/BlueSkirtOutfit1.jpg",
   "product1": "Retro Long Blue Skirt",
   "product1_link": "https://www.aliexpress.com/i/1005001742162319.html",
   "product2": "Yellow Top",
   "product2_link": "https://asia.shein.com/SHEIN-BAE-Solid-Open-Back-Crop-Tee-p-12929230-cat-1738.html",
   "product3": "Black Hand Bag",
   "product3_link": "https://www.farfetch.com/in/shopping/men/chanel-pre-owned-double-flap-jumbo-shoulder-bag-item-18495455.aspx",
   "product4": "Black Heels",
   "product4_link": "https://www2.hm.com/en_in/productpage.1115066001.html?gclid=CjwKCAjw586hBhBrEiwAQYEnHRXnc7hZ3hrgdTH6vX5EYSVrOt29o8uoIqPUKXqWE3u1p1ugGY4qFxoC5PIQAvD_BwE"
  },
  {
   "Outfits": "Blue Skirt Outfits",
   "OutfitName": "BlueSkirtOutfit2",
   "image": "Outfits/BlueSkirtOutfit2.jpg",
   "product1": "Blue Skirt",
   "product1_link": "https://www.flipkart.com/vero-moda-solid-women-regular-blue-skirt/p/itmf3y5ygcjyspbf",
   "product2": "Grey Tshirt",
   "product2_link": "https://www.styched.in/products/grey-curved-hem-tee?gclid=CjwKCAjw586hBhBrEiwAQYEnHbmM9xf3xj_w_PfiCwHsBWa3i279IK0J1UM50YuBLtTZYlwbHINwYxoCfaoQAvD_BwE",
   "product3": "Blue Denim Shirt",
   "product3_link": "https://www2.hm.com/en_in/productpage.1121988001.html?gclid=CjwKCAjw586hBhBrEiwAQYEnHWyeWRrA7BBARQReylUiZtt2oLxWbJk7ewGoGsvQB7Ri7wZkrIG4RxoCrZIQAvD_BwE",
   "product4": "White Sandals",
   "product4_link": "https://www.nykaafashion.com/truffle-collection-white-pu-jute-sandals/p/2312636?adsource=shopping_india&skuId=2312641&utm_content=ads&utm_source=GooglePaid&utm_medium=PMax&utm_campaign=BrandFunded_TruffleCollection"
  },
  {
   "Outfits": "Blue Skirt Outfits",
   "OutfitName": "BlueSkirtOutfit3",
   "image": "Outfits/BlueSkirtOutfit3.jpg",
   "product1": "Retro Long Blue Skirt",
   "product1_link": "https://www.aliexpress.com/i/1005001742162319.html",
   "product2": "Black Highneck Top",
   "product2_link": "https://www.styched.in/products/high-neck-fitted-tee-black?gclid=CjwKCAjw586hBhBrEiwAQYEnHYMz8Fujj5ghCu8SargmNAARZSGHGcGJqmct-_SyBlQyuGHTIMCbjxoCfgMQAvD_BwE",
   "product3": "Black Heels",
   "product3_link": "https://www.ajio.com/mft-couture-reptilian-pattern-strappy-stilettos-with-buckle-closure/p/460979568_black?gclid=CjwKCAjw586hBhBrEiwAQYEnHb1nx9uXM09l40e1K6DxqzfgLxm2Bmn7cl2bC77bYBqd4PU718VQqRoCyIkQAvD_BwE#gmf"
  },
  {
   "Outfits": "Blue Skirt Outfits",
   "OutfitName": "BlueSkirtOutfit4",
   "image": "Outfits/BlueSkirtOutfit4.jpg",
   "product1": "Retro Long Blue Skirt",
   "product1_link": "https://www.aliexpress.com/i/1005001742162319.html",
   "product2": "Yellow Sweater",
   "product2_link": "https://www.myntra.com/sweatshirts/roadster/roadster-women-mustard-yellow-boxy-solid-sweatshirt/11991230/buy?gclid=CjwKCAjw586hBhBrEiwAQYEnHfKw4WKR8S_yKyzq-2voM_KfCq2hj3YWzUfTNmF27ljbX_aR9MyXsxoC2DAQAvD_BwE",
   "product3": "Black Sunglasses",
   "product3_link": "https://www.nykaafashion.com/twenty-dresses-by-nykaa-fashion-like-a-climax-sunglasses/p/5480408?adsource=shopping_india&skuId=5480408&utm_content=ads&utm_source=GooglePaid&utm_medium=PLA&utm_campaign=Sok-PerformanceMax-Pvt-20Dresses&gclid=CjwKCAjw586hBhBrEiwAQYEnHeBhJcuwgf-IVoDS7D6OOqFZtTgU0gh4WXvkUXIl-K69aey6U5vRLRoC5UUQAvD_BwE",
   "product4": "Blue Heels",
   "product4_link": "https://www.nykaafashion.com/twenty-dresses-by-nykaa-fashion-like-a-climax-sunglasses/p/5480408?adsource=shopping_india&skuId=5480408&utm_content=ads&utm_source=GooglePaid&utm_medium=PLA&utm_campaign=Sok-PerformanceMax-Pvt-20Dresses&gclid=CjwKCAjw586hBhBrEiwAQYEnHeBhJcuwgf-IVoDS7D6OOqFZtTgU0gh4WXvkUXIl-K69aey6U5vRLRoC5UUQAvD_BwE"
  },
  {
   "Outfits": "Blue Skirt Outfits",
   "OutfitName": "BlueSkirtOutfit5",
   "image": "Outfits/BlueSkirtOutfit5.jpg",
   "product1": "Blue Skirt",
   "product1_link": "https://www.flipkart.com/urbanic-solid-women-a-line-blue-skirt/p/itm0d47ef68b3ec2",
   "product2": "White Tshirt",
   "product2_link": "https://www.shein.in/DAZY-LGBT-Slogan-Rainbow-Striped-Drop-Shoulder-Tee-p-10425472-cat-1738.html",
   "product3": "White Handbag",
   "product3_link": "https://poshmark.in/listing/Hand-bag-615bd0cbffba94ddcff8cae5",
   "product4": "Black Shoes",
   "product4_link": "https://www.yesstyle.com/en/auroriola-faux-pearl-socks/info.html/pid.1115218140"
  },
  {
   "Outfits": "Blue Skirt Outfits",
   "OutfitName": "BlueSkirtOutfit6",
   "image": "Outfits/BlueSkirtOutfit6.jpg",
   "product1": "Blue Skirt",
   "product1_link": "https://seelovestitch.com/products/simplicity-sewing-pattern-s9109-misses-wrap-skirts-sizes-16-18-20-22-24",
   "product2": "White Striped Top",
   "product2_link": "https://kairfashion.com/products/kid-boys-classic-stripe-vest?variant=39676500541639",
   "product3": "Brown Hand Bag",
   "product3_link": "https://miraggiolife.com/products/victoria?variant=39517402005659&gclid=CjwKCAjw586hBhBrEiwAQYEnHbzkiM-rV88Xv9Vscq3XZABqmMluU0iaQ7HDz_fgoQyoQnxHXLOznRoCkeEQAvD_BwE",
   "product4": "Beige Heels",
   "product4_link": "https://www.ajio.com/steve-madden-ankle-strap-stilettos-with-zip-closure/p/410272645_686"
  },
  {
   "Outfits": "Blue Skirt Outfits",
   "OutfitName": "BlueSkirtOutfit7",
   "image": "Outfits/BlueSkirtOutfit7.jpg",
   "product1": "Blue Denim Skirt",
   "product1_link": "https://www.krausjeans.com/products/women-light-blue-solid-straight-denim-skirt-lfs-104-light-blue?variant=43475852132610¤cy=INR&utm_medium=product_sync&utm_source=google&utm_content=sag_organic&utm_campaign=sag_organic&campaignid=17496184296&adgroupid=&creative=&keyword=&network=x&oc_physical_ms=9050497&gclid=CjwKCAjw586hBhBrEiwAQYEnHVVZGiV9JDGmcyLNzCfx17O4HIrryXOjRBp4UMi7UwJ7rCwFJAsipxoCnWYQAvD_BwE",
   "product2": "White Top",
   "product2_link": "https://www2.hm.com/en_in/productpage.0685816001.html?gclid=CjwKCAjw586hBhBrEiwAQYEnHRGBCCnZLxGO2nzXHQrfnb-Hj5lO745hrHJFENOF6gw6LB0HSXvJ9BoC2AcQAvD_BwE",
   "product3": "Black Long Jacket",
   "product3_link": "https://www.veromoda.in/104453101-black?gclid=CjwKCAjw586hBhBrEiwAQYEnHaszvPa2FPE5dBxGPV-60DSNTao9RL-jHWuMcXUn0lzpHBRAMCvLFhoCDcoQAvD_BwE",
   "product4": "Black Sunglasses",
   "product4_link": "https://www.nykaafashion.com/twenty-dresses-by-nykaa-fashion-black-rectangular-oblong-sunglasses/p/6798548?adsource=shopping_india&skuId=6798548&utm_content=ads&utm_source=GooglePaid&utm_medium=PLA&utm_campaign=Sok-PerformanceMax-Pvt-20Dresses&gclid=Cj0KCQjwxMmhBhDJARIsANFGOSuMoXVnug9QgE7oLK3G0OLFDeOP2hNR2pmHFNmX3OBg8zD1LCSMKWMaAqQUEALw_wcB"
  },
  {
   "Outfits": "Blue Skirt Outfits",
   "OutfitName": "BlueSkirtOutfit8",
   "image": "Outfits/BlueSkirtOutfit8.jpg",
   "product1": "Blue Check Skirt",
   "product1_link": "https://p-yo-www-amazon-in-kalias.amazon.in/Milumia-Pleated-Preppy-School-Uniform/dp/B091BMMZYJ?th=1&psc=1",
   "product2": "Grey Top",
   "product2_link": "https://www.myntra.com/tshirts/mast--harbour/mast--harbour-women-charcoal-grey-t-shirt/15497972/buy?gclid=CjwKCAjw586hBhBrEiwAQYEnHVTxDEWwEOm7HIHjNUi8P6lavBYlg8U-grreY8uUPrU8kA-cZnXCBBoCzNwQAvD_BwE",
   "product3": "Grey Sunglasses",
   "product3_link": "https://www.claymango.com/products/escape-oval-unisex-sunglasses-silver-with-silver-tint?variant=41554137219278¤cy=INR&utm_medium=product_sync&utm_source=google&utm_content=sag_organic&utm_campaign=sag_organic&utm_campaign=gs-2021-10-05&utm_source=google&utm_medium=smart_campaign&gclid=CjwKCAjw586hBhBrEiwAQYEnHYF9lEn4wiLyuPJVzoL9uQ6SFm0WAo_d1i31Xc7MZRhj7EGQZ99s_BoC1sMQAvD_BwE"
  },
  {
   "Outfits": "Blue Skirt Outfits",
   "OutfitName": "BlueSkirtOutfit9",
   "image": "Outfits/BlueSkirtOutfit9.jpg",
   "product1": "Blue Skirt",
   "product1_link": "https://www.ubuy.co.in/product/DJ5GJE6U-women-girls-high-waisted-pleated-skater-tennis-school-skirt-uniform-skirts",
   "product2": "White Sweater",
   "product2_link": "https://www2.hm.com/en_in/productpage.0943186004.html",
   "product3": "Blue Hand Bag",
   "product3_link": "https://www.flipkart.com/apsis-blue-hand-held-bag-croc-textured-half-moon-handheld/p/itmfc0abc4ef9930",
   "product4": "Layered Necklace",
   "product4_link": "https://www.ajio.com/shining-diva-12156np-heart--lock-triple-layered-necklace/p/6005606960_multi#gmf"
  },
  {
   "Outfits": "Blue Shorts Outfits",
   "OutfitName": "BlueShortsOutfit1",
   "image": "Outfits/BlueShortsOutfit1.jpg",
   "product1": "Blue Shorts",
   "product1_link": "https://www.krausjeans.com/products/high-rise-loose-fit-shorts-lhs-118-dark-blue?variant=42756859134210¤cy=INR&utm_medium=product_sync&utm_source=google&utm_content=sag_organic&utm_campaign=sag_organic&campaignid=17496184296&adgroupid=&creative=&keyword=&network=x&oc_physical_ms=9050497&gclid=CjwKCAjw586hBhBrEiwAQYEnHYgMP-x1JZdMFkl8p6JxH-FCAF8Dox2d98OOiQrHI3ludQy7WZZERhoCqnYQAvD_BwE",
   "product2": "Brown Crop Top",
   "product2_link": "https://www.myntra.com/tops/aahwan/aahwan-coffee-brown-solid-fitted-crop-top/19302486/buy",
   "product3": "Bracelet",
   "product3_link": "https://www.nykaafashion.com/yellow-chimes-women-rose-gold-rose-gold-plated-link-bracelet/p/7323970?adsource=shopping_india&skuId=7323970",
   "product4": "Necklace",
   "product4_link": "https://www.meesho.com/PolluxCraft%20-%20Pearl%20Bow%20Necklace%20for%20Women%20and%20Girls/p/477EGR"
  },
  {
   "Outfits": "Blue Shorts Outfits",
   "OutfitName": "BlueShortsOutfit2",
   "image": "Outfits/BlueShortsOutfit2.jpg",
   "product1": "Light Blue Shorts",
   "product1_link": "https://www.myntra.com/shorts/ether/ether-women-pure-cotton-above-knee-length-shorts-with-drawstring-closure/18357808/buy",
   "product2": "White Off-Shoulder Top",
   "product2_link": "https://www.myntra.com/tops/femme-luxe/femme-luxe-women-white-off-shoulder-tube-crop-top/17402814/buy",
   "product3": "White Belt",
   "product3_link": "https://www.myntra.com/tops/femme-luxe/femme-luxe-women-white-off-shoulder-tube-crop-top/17402814/buy",
   "product4": "Bracelet",
   "product4_link": "https://www.meesho.com/Vembley%20Golden%20Roman%20Numerals%20Heart%20Charm%20Bracelet%20For%20Women%20And%20Girls/p/2YA0LB"
  },
  {
   "Outfits": "Blue Shorts Outfits",
   "OutfitName": "BlueShortsOutfit3",
   "image": "Outfits/BlueShortsOutfit3.jpg",
   "product1": "Blue Shorts",
   "product1_link": "https://www.myntra.com/shorts/patrorna/patrorna-women-navy-blue-antimicrobial-technology-lace-shorts/17830560/buy",
   "product2": "White Shirt",
   "product2_link": "https://www.ajio.com/shaye-button-down-shirt-with-cuffed-sleeves/p/462561613_white#gmf",
   "product3": "Brown Belt",
   "product3_link": "https://www.meesho.com/Satyam%20Belts%20Tan%20Double%20Ring%20Faux%20Leather%20Belt%20For%20Women's%20&%20Girls%20%7C%20Formal%20&%20Casual%20Belt%20For%20Ladies%20%7C%20Double%20Ring%20Belt%20For%20Ladies/p/2GA5OI",
   "product4": "Bracelet",
   "product4_link": "https://www.nykaa.com/sohi-women-gold-toned-cuff-bracelet/p/8976837?ptype=product&skuId=8976837&srsltid=AfAwrE4McFQbnyWYALarVk8hKo5Q1KgHDOEm7zZMSsHPbQOhjBUpRjRFgWA"
  },
  {
   "Outfits": "Blue Shorts Outfits",
   "OutfitName": "BlueShortsOutfit4",
   "image": "Outfits/BlueShortsOutfit4.jpg",
   "product1": "Light Blue Shorts",
   "product1_link": "https://in.urbanic.com/details/97684?short_link_uid=513F17205ECB4592ADC941DEAEC263AE&detail_type=dpa&utm_medium=ppc&biz_type=ppc&channel=google&utm_source=google&short_key=uebyzn&utm_content=dpa",
   "product2": "White Crop Top",
   "product2_link": "https://www.styched.in/products/surplice-neck-crop-top-white?gclid=CjwKCAjw586hBhBrEiwAQYEnHX3Djp_NLpJ6BggwiV7k84Fmp-9PoBdntBYaRBwtug14Pv-IKzo25BoCA5EQAvD_BwE&variant=37969373823160",
   "product3": "Necklace",
   "product3_link": "https://www.ajio.com/shining-diva-14558np-gold-plated-long-necklace/p/465721468_gold#gmf",
   "product4": "Black Sunglasses",
   "product4_link": "https://www.myntra.com/sunglasses/voyage/voyage-women-black-lens-rectangle-sunglasses-with-uv-protected-lens-b80389mg3456c-/14582858/buy"
  },
  {
   "Outfits": "Blue Shorts Outfits",
   "OutfitName": "BlueShortsOutfit5",
   "image": "Outfits/BlueShortsOutfit5.jpg",
   "product1": "Blue Shorts",
   "product1_link": "https://www.meesho.com/aj-fashion-hub-womens-cotton-flex-short-pant-pack-of-4/p/4cvvh",
   "product2": "White Crop Top",
   "product2_link": "https://www.myntra.com/tops/hm/hm-women-cropped-top/21161280/buy?gclid=CjwKCAjw586hBhBrEiwAQYEnHdkOy7DLdsopdTN_cn9c7LfueqgWJDflQWn-3WkF1B8yMbAM9xbiURoC-JYQAvD_BwE",
   "product3": "Brown Sling Bag",
   "product3_link": "https://www.amazon.in/Tom-Clovers-Shoulder-Crossbody-Shopping/dp/B078GPSLVM?th=1",
   "product4": "Black Sunglasses",
   "product4_link": "https://www.nykaafashion.com/twenty-dresses-by-nykaa-fashion-black-rectangular-oblong-sunglasses/p/6798548?adsource=shopping_india&skuId=6798548&utm_content=ads&utm_source=GooglePaid&utm_medium=PLA&utm_campaign=Sok-PerformanceMax-Pvt-20Dresses&gclid=Cj0KCQjwxMmhBhDJARIsANFGOSuMoXVnug9QgE7oLK3G0OLFDeOP2hNR2pmHFNmX3OBg8zD1LCSMKWMaAqQUEALw_wcB"
  },
  {
   "Outfits": "Blue Shorts Outfits",
   "OutfitName": "BlueShortsOutfit6",
   "image": "Outfits/BlueShortsOutfit6.jpg",
   "product1": "Blue Shorts",
   "product1_link": "https://www.shein.in/Solid-Pocket-Detail-Wide-Leg-Washed-Denim-Shorts-p-2859310-cat-1935.html",
   "product2": "Yellow Crop Top",
   "product2_link": "https://in.urbanic.com/details/38673?widgetid=13&detail_type=dpa&utm_medium=ppc&biz_type=ppc&channel=google&pid=dHmLNsxX168&gclid=CjwKCAjw586hBhBrEiwAQYEnHTErT9ll-xB35pHAuYD1xvRY_rjsnjfqOQqAZ-stMPJhmTNLW2UXLRoCwg4QAvD_BwE&ad_id=&short_link_uid=DB1A9D93857A47458993409ED40100E6&adset_id=&keyword=&campaign_id=18319696703&utm_source=google&short_key=iajvr3&utm_content=dpa",
   "product3": "White Denim Jacket",
   "product3_link": "https://www.myntra.com/jackets/roadster/roadster-women-white-denim-jacket/20965438/buy?gclid=CjwKCAjw586hBhBrEiwAQYEnHRNSGK5I8z7jVE7Nw1JsH1i0ccMFJwJazIdwUNC1LPm3FqoEzKN7vRoCl9oQAvD_BwE",
   "product4": "Neck Chain",
   "product4_link": "https://www.palmonas.com/products/paperclip-chain-necklace-18k-gold-plated-39745?currency=INR&variant=43396389142785&utm_medium=cpc&utm_source=google&utm_campaign=Google%20Shopping&utm_source=google&utm_medium=cpc&utm_campaign=AM_PerfMax_AllCategories_14062022&gclid=CjwKCAjw586hBhBrEiwAQYEnHeBQo5DyUX4l6bIkYoVpzrkcQiqGqzMVlIjh_0aB_3yH4nyNa_4JPRoCRegQAvD_BwE"
  },
  {
   "Outfits": "Blue Shorts Outfits",
   "OutfitName": "BlueShortsOutfit7",
   "image": "Outfits/BlueShortsOutfit7.jpg",
   "product1": "Blue Shorts",
   "product1_link": "https://www2.hm.com/en_in/productpage.0865073014.html?gclid=CjwKCAjw586hBhBrEiwAQYEnHWpgEmT8QS2fHLsg8TGxuUQchflXKODq50GN8r7pQkEB5RStk4kasRoC3T0QAvD_BwE",
   "product2": "White Striped Shirt",
   "product2_link": "https://www.aliexpress.com/item/1005002991120727.html",
   "product3": "Brown Sling Bag",
   "product3_link": "https://www.dailyobjects.com/dailyobjects-tan-vegan-leather-orbis-crossbody-bag/dp?f=pid~TAN-BEG-LEATHER-ORBIS-CROSSBODY-BAG&gclid=CjwKCAjw586hBhBrEiwAQYEnHT4QYut1m877dmY_ENb0HvJPOZ_EttuCfU3qE9sdjvrJKku3DfjI1xoCM9gQAvD_BwE",
   "product4": "Black Sunglasses",
   "product4_link": "https://www.nykaafashion.com/twenty-dresses-by-nykaa-fashion-black-rectangular-oblong-sunglasses/p/6798548?adsource=shopping_india&skuId=6798548&utm_content=ads&utm_source=GooglePaid&utm_medium=PLA&utm_campaign=Sok-PerformanceMax-Pvt-20Dresses&gclid=Cj0KCQjwxMmhBhDJARIsANFGOSuMoXVnug9QgE7oLK3G0OLFDeOP2hNR2pmHFNmX3OBg8zD1LCSMKWMaAqQUEALw_wcB"
  },
  {
   "Outfits": "Blue Shorts Outfits",
   "OutfitName": "BlueShortsOutfit8",
   "image": "Outfits/BlueShortsOutfit8.jpg",
   "product1": "Blue Shorts",
   "product1_link": "https://www2.hm.com/en_in/productpage.0865073014.html?gclid=CjwKCAjw586hBhBrEiwAQYEnHWpgEmT8QS2fHLsg8TGxuUQchflXKODq50GN8r7pQkEB5RStk4kasRoC3T0QAvD_BwE",
   "product2": "White Tshirt",
   "product2_link": "https://www2.hm.com/en_in/productpage.0979236002.html?gclid=CjwKCAjw586hBhBrEiwAQYEnHRjfTLPXtZzEcabvh-rh62GIHvWiKz0Cw4t2q3vG4hFygCgyaFwwKxoCdoIQAvD_BwE",
   "product3": "Brown Hand Bag",
   "product3_link": "https://www.shein.in/Chevron-Embossed-Flap-Chain-Bag-p-5180402-cat-1764.html",
   "product4": "Black Sunglasses",
   "product4_link": "https://www.danielwellington.com/in/dw-sunglasses-grande-bio-arch-black-wf-black/?utm_source=google&utm_medium=surfaces&utm_campaign=freeshoppingfeed&gclsrc=aw.ds&gclid=CjwKCAjw586hBhBrEiwAQYEnHfAQJKxZs7xR2BpUL0JtYz6YDDFskeeWbSG-TfC2mGK95f8alBy8uxoCKR8QAvD_BwE"
  },
  {
   "Outfits": "Blue Shorts Outfits",
   "OutfitName": "BlueShortsOutfit9",
   "image": "Outfits/BlueShortsOutfit9.jpg",
   "product1": "Light Blue Shorts",
   "product1_link": "https://in.urbanic.com/details/55153?short_link_uid=513F17205ECB4592ADC941DEAEC263AE&detail_type=dpa&utm_medium=ppc&biz_type=ppc&channel=google&utm_source=google&short_key=rj7jmy&utm_content=dpa",
   "product2": "Black Crop Top",
   "product2_link": "https://www.styched.in/products/v-neck-tank-top-black?gclid=CjwKCAjw586hBhBrEiwAQYEnHSE0xK6vJ2kDXS9bb-yBzjtmnyru3plQWjS6UenD3qGUUPOIZ-rcIRoCm0YQAvD_BwE&variant=32565935767598",
   "product3": "Jacket",
   "product3_link": "https://www.tatacliq.com/only-beige-notched-lapel-coat/p-mp000000014206443",
   "product4": "Purse",
   "product4_link": "https://www.meesho.com/Women's%20Black%20Hand%20Clutch%20Wallet%20Purse/p/33VGUR"
  },
  {
   "Outfits": "Black Shirt Outfits",
   "OutfitName": "BlackShirtOutfit1",
   "image": "Outfits/BlackShirtOutfit1.jpg",
   "product1": "Black Shirt",
   "product1_link": "https://thehouseofrare.com/products/fulls-black?utm_source=adyogi&utm_medium=google-performancemax&utm_campaign=RARE_3422_adyogi_Performancemax_Prospect_Shirts-17714327508&gclid=CjwKCAjw586hBhBrEiwAQYEnHeXv60-jqdrzke7_bOynOcX35CHHWI5vWUnvSLwvPU-XU-5_XJ-GtxoCcUgQAvD_BwE",
   "product2": "Grey Pant",
   "product2_link": "https://allensolly.abfrl.in/p/allen-solly-grey-trousers-743264.html?size=38&utm_source=as_google&utm_medium=pmax&utm_campaign=AO_AS_Apparel_Google_NA_Pmax_Sales_6042023_NA_NA_NA_NA_India&utm_term=&utm_mcid=paid_pmax&gclid=CjwKCAjw586hBhBrEiwAQYEnHdBsrMfJ2-rMRKdHn092VF1D96VrUVuNyC6Uxdqie5lkmLtZGowaahoCQQ8QAvD_BwE",
   "product3": "Black & White Tie",
   "product3_link": "https://www.myntra.com/ties/arrow/arrow-men-black--white-striped-skinny-tie/18673498/buy?gclid=CjwKCAjw586hBhBrEiwAQYEnHWHWAG3Lq5ADIbvIyKJ7Zg4CoJxzKBPJ_s6emaHq3SyRWYXuIjC4ixoC6V0QAvD_BwE",
   "product4": "Black Belt ",
   "product4_link": "https://louisphilippe.abfrl.in/p/louis-philippe-black-belt-658790.html?size=M&utm_source=lp_google&utm_medium=performancemax&utm_campaign=AO_LP_Apparel_Google_AllProducts_Pmax_Sales_6042023_NA_NA_NA_NA_India&utm_mcid=paid_pmax&gclid=CjwKCAjw586hBhBrEiwAQYEnHWysIdq0Av3HMPDZe85UnB6xPjSi8COygqXhFvLK5zNtfde--BupNRoC5SIQAvD_BwE"
  },
  {
   "Outfits": "Black Shirt Outfits",
   "OutfitName": "BlackShirtOutfit2",
   "image": "Outfits/BlackShirtOutfit2.jpg",
   "product1": "Black Shirt",
   "product1_link": "https://www.pantaloons.com/p/black-shirt-770900.html?size=42&utm_source=google&utm_medium=display&utm_campaign=google_performance_max_low_inventory_campaign&gclid=CjwKCAjw586hBhBrEiwAQYEnHcsA4k2RbjZvv91aRF5va1cQ_tyZ_T_LzyHNvmr8yWL8Uic1nTsSOhoCzSQQAvD_BwE",
   "product2": "White Pant",
   "product2_link": "https://www.myntra.com/trousers/roadster/the-roadster-lifestyle-co-men-solid-regular-fit-casual-trousers/21344364/buy?gclid=CjwKCAjw586hBhBrEiwAQYEnHe9AIKTR-UJlldZYHQcBaqGGD6slunmSWeAO9MKVpPxd6_d3FvSm5RoCy10QAvD_BwE",
   "product3": "Black Belt",
   "product3_link": "https://vanheusenindia.abfrl.in/p/van-heusen-black-belt-703744.html?size=M&gclid=CjwKCAjw586hBhBrEiwAQYEnHSK4oBy_L4rEWXTVvzQXM3iJfy2qWV0FjAzyB__MRQ0BfnYCLMptTRoCpwUQAvD_BwE",
   "product4": "Black Loafers",
   "product4_link": "https://www.myntra.com/formal-shoes/house-of-pataudi/house-of-pataudi-men-black-solid-handcrafted-formal-tasseled-loafers/17047018/buy?gclid=CjwKCAjw586hBhBrEiwAQYEnHRDBJ_yDgwtkK4bm_jTqnXJtb1ttM0pfqZYSQ_nxeRgebNxkn0vslRoCtmUQAvD_BwE"
  },
  {
   "Outfits": "Black Shirt Outfits",
   "OutfitName": "BlackShirtOutfit3",
   "image": "Outfits/BlackShirtOutfit3.jpg",
   "product1": "Black Shirt",
   "product1_link": "https://thehouseofrare.com/products/neutrons-black?utm_source=adyogi&utm_medium=google-performancemax&utm_campaign=RARE_3422_adyogi_Performancemax_Prospect_Shirts-17714327508&gclid=CjwKCAjw586hBhBrEiwAQYEnHSEATbRxAAFe_ret7xo3pFlwDBmkz1YsytTioB8az9mVq06fqAxwqxoCXuEQAvD_BwE",
   "product2": "Black Pant",
   "product2_link": "https://allensolly.abfrl.in/p/men-black-regular-fit-solid-casual-trousers-784519.html?size=32&utm_source=as_google&utm_medium=pmax&utm_campaign=AO_AS_Apparel_Google_NA_Pmax_Sales_6042023_NA_NA_NA_NA_India&utm_term=&utm_mcid=paid_pmax&gclid=CjwKCAjw586hBhBrEiwAQYEnHbsD_BH3aHmBrwPPVhRpt-0p_L7O69dNNbgBkuvUIt4MI4l9yW1eshoCoZYQAvD_BwE",
   "product3": "Brown Belt",
   "product3_link": "https://www.titan.co.in/product/titan-brown-single-sided-belt-with-pin-buckle-for-men-tb148lm3br?utm_source=Google&utm_medium=CPC&utm_campaign=18191982866&utm_adgroup=&utm_term=&creative=&device=c&devicemodel=&matchtype=&feeditemid=&targetid=&network=x&placement=&adposition=&GA_loc_interest_ms=&GA_loc_physical_ms=9151790&gclid=CjwKCAjw586hBhBrEiwAQYEnHWBR9Lbcm9MMQnr3GsCplDEuJ8WI8pv5IDymEzxO5nrpgSCY7L_F3BoCn_YQAvD_BwE",
   "product4": "Brown Loafers",
   "product4_link": "https://www.myntra.com/formal-shoes/house-of-pataudi/house-of-pataudi-men-coffee-brown-solid-handcrafted-formal-horsebit-loafers/17047008/buy?gclid=CjwKCAjw586hBhBrEiwAQYEnHWi0hh8gsLzwOgMG9d-TzE6o6ItMlr4Wem25tiMfbp3RpM9YwnG-rxoC8ZYQAvD_BwE"
  },
  {
   "Outfits": "Black Shirt Outfits",
   "OutfitName": "BlackShirtOutfit4",
   "image": "Outfits/BlackShirtOutfit4.jpg",
   "product1": "Black Shirt",
   "product1_link": "https://www.snitch.co.in/products/on-loop-black-satin-stretch-shirt?variant=42292355924130¤cy=INR&utm_source=google&utm_medium=cpc&utm_campaign=VM_Performance_max_Shirts_26sept%2722&gclid=CjwKCAjw586hBhBrEiwAQYEnHbnSI21BJlMO8F_5Xm1jJWVQKlEbCceBRSUBGG2EwB10mukDanZTvhoCUB4QAvD_BwE",
   "product2": "Navy Blazer",
   "product2_link": "https://mrbutton.in/products/the-ultimate-stripes-blazer?variant=44539611480310¤cy=INR&utm_medium=product_sync&utm_source=google&utm_content=sag_organic&utm_campaign=sag_organic&gclid=CjwKCAjw586hBhBrEiwAQYEnHbUYUOAHCORYjBKzCh6PJB1PGVg2mk8LpMkxnQ9ngrb7AXD7KeKn3hoCzCwQAvD_BwE",
   "product3": "Grey Trouser",
   "product3_link": "https://www.moss.co.uk/dkny-slim-fit-grey-trousers-966551617",
   "product4": "Brown Formal Shoes",
   "product4_link": "https://louisphilippe.abfrl.in/p/louis-philippe-brown-formal-shoes-676953.html?size=11&utm_source=lp_google&utm_medium=performancemax&utm_campaign=AO_LP_Apparel_Google_AllProducts_Pmax_Sales_6042023_NA_NA_NA_NA_India&utm_mcid=paid_pmax&gclid=CjwKCAjw586hBhBrEiwAQYEnHXuc_4MxZ7IZHwzcCS_ixgr-jaoSWzF21Hr6lZUiPzlVVqzbBG0RshoCN48QAvD_BwE"
  },
  {
   "Outfits": "Black Shirt Outfits",
   "OutfitName": "BlackShirtOutfit5",
   "image": "Outfits/BlackShirtOutfit5.jpg",
   "product1": "Black Shirt",
   "product1_link": "https://www.myntra.com/shirts/roadster/the-roadster-lifestyle-co-women-black-opaque-casual-shirt/13398698/buy?gclid=CjwKCAjw586hBhBrEiwAQYEnHewJI8tBJbvX--ywCrs4ZeTnxpJc-M80m59w_twmNbURO1sZ5szqGhoCarsQAvD_BwE",
   "product2": "Blue Ribbed Jeans",
   "product2_link": "https://www.getketch.com/product/tokyo-talkies-women-blue-super-skinny-fit-jeans-TTJN001579.html",
   "product3": "Red Sling Bag",
   "product3_link": "https://www.myntra.com/handbags/van-heusen/van-heusen-women-red-solid-structured-satchel/20126388/buy?gclid=CjwKCAjw586hBhBrEiwAQYEnHQ6EigKwCzYzCDwg5tg2jlFrOsfoYpd7IeDtfn2Ging44zQdKr96QxoCP4AQAvD_BwE",
   "product4": "Black Sunglasses",
   "product4_link": "https://www.danielwellington.com/in/dw-sunglasses-grande-bio-arch-black-wf-black/?utm_source=google&utm_medium=surfaces&utm_campaign=freeshoppingfeed&gclsrc=aw.ds&gclid=CjwKCAjw586hBhBrEiwAQYEnHeb2Op5vrFjynAmUW_eNxjB-1GzxIzwmtCx9N3ABceC2GisImtWdZBoCC7UQAvD_BwE"
  },
  {
   "Outfits": "Black Shirt Outfits",
   "OutfitName": "BlackShirtOutfit6",
   "image": "Outfits/BlackShirtOutfit6.jpg",
   "product1": "Black Shirt",
   "product1_link": "https://www.myntra.com/shirts/roadster/the-roadster-lifestyle-co-women-black-opaque-casual-shirt/13398698/buy?gclid=CjwKCAjw586hBhBrEiwAQYEnHewJI8tBJbvX--ywCrs4ZeTnxpJc-M80m59w_twmNbURO1sZ5szqGhoCarsQAvD_BwE",
   "product2": "Blue Ribbed Jeans",
   "product2_link": "https://www.getketch.com/product/tokyo-talkies-women-blue-super-skinny-fit-jeans-TTJN001579.html",
   "product3": "Beige Hand Bag",
   "product3_link": "https://www.celine.com/en-in/celine-shop-women/handbags/belt-bag/mini-belt-bag-in-grained-calfskin-189103ZVA.18LT.html",
   "product4": "Black Court Shoes",
   "product4_link": "https://www2.hm.com/en_in/productpage.0808021008.html"
  },
  {
   "Outfits": "Black Shirt Outfits",
   "OutfitName": "BlackShirtOutfit7",
   "image": "Outfits/BlackShirtOutfit7.jpg",
   "product1": "Black Shirt",
   "product1_link": "https://poshmark.in/listing/Black-Plain-shirt-6348d53c8d7a3cedea12af58",
   "product2": "Pink Chinos",
   "product2_link": "https://www.snapdeal.com/product/sam-jack-pink-slim-chinos/666292557942?supc=SDL009798466&utm_source=earth&utm_medium=666292557942_192_17_675&vendorCode=Seffa1&isSellerPage=true&fv=true",
   "product3": "Black Loafer",
   "product3_link": "https://www.armani.com/en-gb/patent-leather-loafers_cod1647597298987384.html"
  },
  {
   "Outfits": "Black Shirt Outfits",
   "OutfitName": "BlackShirtOutfit8",
   "image": "Outfits/BlackShirtOutfit8.jpg",
   "product1": "Black Half Shirt",
   "product1_link": "https://lifestylemedicalsupplies.com/products/collar-cotton-linen-shirts-with-short-sleeves-shirt",
   "product2": "Floral White Shorts",
   "product2_link": "https://www.flipkart.com/flying-machine-floral-print-men-white-chino-shorts/p/itmf3y2qyy7x5hqz?pid=SRTFFRTZU7HZHYFM&lid=LSTSRTFFRTZU7HZHYFML5EDT4&marketplace=FLIPKART&cmpid=content_short_8965229628_gmc",
   "product3": "White Sneakers",
   "product3_link": "https://www.farfetch.com/in/shopping/men/spalwart-panelled-lace-up-sneakers-item-18064856.aspx?size=27&storeid=11935",
   "product4": "White Socks",
   "product4_link": "https://www.bonjourretail.com/products/mens-health-socks-white-zs9907-005?variant=21234764251190¤cy=INR&utm_medium=product_sync&utm_source=google&utm_content=sag_organic&utm_campaign=sag_organic&gclid=CjwKCAjw586hBhBrEiwAQYEnHeSsqiwQv0rn44v1oaFOFDE6ssh7zZOhdMYtrcchacRfreoPdGBMSRoCPEkQAvD_BwE"
  },
  {
   "Outfits": "Black Shirt Outfits",
   "OutfitName": "BlackShirtOutfit9",
   "image": "Outfits/BlackShirtOutfit9.jpg",
   "product1": "Black Half Shirt",
   "product1_link": "https://www.flipkart.com/leisure-india-men-solid-casual-black-shirt/p/itm2b0a075c99fab?pid=SHTGE74ESH822ZVP&lid=LSTSHTGE74ESH822ZVPJUKYYB&marketplace=FLIPKART&cmpid=content_shirt_8965229628_gmc",
   "product2": "Black Cropped Chinos",
   "product2_link": "https://stores.maxfashion.in/max-shopping-centre-pimpri-pune-105538/ProductDetails/1000009801911",
   "product3": "White Sneakers",
   "product3_link": "https://www.farfetch.com/in/shopping/men/jordan-air-jordan-1-mid-sneakers-item-16019277.aspx",
   "product4": "Grey Tshirt",
   "product4_link": "https://www2.hm.com/en_in/productpage.0685816053.html?gclid=CjwKCAjw586hBhBrEiwAQYEnHYVc6tq3kGYIfzTCVAyOHT1GPA8ICQokxF2e4AxZ6OlkFh8m7noNXhoCdx0QAvD_BwE"
  },
  {
   "Outfits": "White Tshirt Outfits",
   "OutfitName": "WhiteTshirtOutfit1",
   "image": "Outfits/WhiteTshirtOutfit1.jpg",
   "product1": "White Tshirt",
   "product1_link": "https://www2.hm.com/en_in/productpage.0800691007.html",
   "product2": "Blue Jeans",
   "product2_link": "https://www.etsy.com/in-en/listing/1140830394/vintage-90s-womens-chic-brand-mom-jeans",
   "product3": "Brown Bag",
   "product3_link": "https://www.myntra.com/handbags/bebe/bebe-tan-brown-solid-shoulder-bag/9475223/buy",
   "product4": "Green Sunglasses",
   "product4_link": "https://www.shoppersstop.com/p-205556357/colorChange/205556357_UNMAPPED"
  },
  {
   "Outfits": "White Tshirt Outfits",
   "OutfitName": "WhiteTshirtOutfit2",
   "image": "Outfits/WhiteTshirtOutfit2.jpg",
   "product1": "White Tshirt",
   "product1_link": "https://www2.hm.com/en_in/productpage.0800691007.html",
   "product2": "Blue Denim Skirt",
   "product2_link": "https://www.alibaba.com/product-detail/Manufacture-China-New-model-women-gender_60485618898.html",
   "product3": "Black Hand Bag",
   "product3_link": "https://www.efootwear.eu/handbag-tory-burch-miller-top-handle-satchel-79329-black-001.html",
   "product4": "White Moccasins",
   "product4_link": "https://whydontwegossip.com/products/moc157-light-blue"
  },
  {
   "Outfits": "White Tshirt Outfits",
   "OutfitName": "WhiteTshirtOutfit3",
   "image": "Outfits/WhiteTshirtOutfit3.jpg",
   "product1": "White Tshirt",
   "product1_link": "https://www2.hm.com/en_in/productpage.0800691007.html",
   "product2": "Blue Jumpsuit",
   "product2_link": "https://www.flipkart.com/bossini-washed-girls-jumpsuit/p/itm1dc5ebb67e101",
   "product3": "Brown Sling Bag",
   "product3_link": "https://www.myntra.com/handbags/marks--spencer/marks--spencer-brown-pu-structured-satchel/20730790/buy?gclid=CjwKCAjw586hBhBrEiwAQYEnHa8gWn5fM4SwZoea8qxFTr_ZGOak28Z4WVqikkt2tYMMpH0CdR2UJxoCEZYQAvD_BwE",
   "product4": "Purple Sunglasses",
   "product4_link": "https://www.limeroad.com/purple-polycarbonate-danny-daze-p14739230"
  },
  {
   "Outfits": "White Tshirt Outfits",
   "OutfitName": "WhiteTshirtOutfit4",
   "image": "Outfits/WhiteTshirtOutfit4.jpg",
   "product1": "White Tshirt",
   "product1_link": "https://www.etsy.com/in-en/listing/765153650/constant-love-t-shirt-bride-love-from",
   "product2": "Light Biege Skirt",
   "product2_link": "https://www2.hm.com/en_my/productpage.0993639001.html",
   "product3": "White High Top Sneakers",
   "product3_link": "https://www.amazon.in/Hoxekle-Canvas-Fashion-Sneakers-Student/dp/B083N6X4MP",
   "product4": "Black Sunglasses",
   "product4_link": "https://www.ajio.com/fcuk-fc-7593-c1-s-uv-protected-full-rim-square-sunglasses/p/460990958_grey"
  },
  {
   "Outfits": "White Tshirt Outfits",
   "OutfitName": "WhiteTshirtOutfit5",
   "image": "Outfits/WhiteTshirtOutfit5.jpg",
   "product1": "White Tshirt",
   "product1_link": "https://www2.hm.com/en_in/productpage.0800691007.html",
   "product2": "Black Straight Leggings",
   "product2_link": "https://fetching.co.kr/product/00009186439",
   "product3": "White Hand Bag",
   "product3_link": "https://www.occhiazzurri.com/products/miu-miu-white-leather-madras-2way-bag",
   "product4": "Blue Sunglasses",
   "product4_link": "https://www.flipkart.com/hrinkar-wayfarer-sunglasses/p/itm67e9cc4740796"
  },
  {
   "Outfits": "White Tshirt Outfits",
   "OutfitName": "WhiteTshirtOutfit6",
   "image": "Outfits/WhiteTshirtOutfit6.jpg",
   "product1": "White Tshirt",
   "product1_link": "https://www2.hm.com/en_in/productpage.0570002002.html",
   "product2": "Black Jeans",
   "product2_link": "https://www.myntra.com/jeans/wrogn/wrogn-men-black-skinny-fit-mid-rise-clean-look-stretchable-crop-jeans/13673480/buy",
   "product3": "White Sneakers",
   "product3_link": "https://in.puma.com/in/en/pd/smashic-unisex-sneakers/394371?swatch=02&size=0280&gclid=CjwKCAjw586hBhBrEiwAQYEnHcivewHUs7L0yFeHBoUEqTLjT8_LrxvOfp3Ety2rMCc9yKEKlwgqQBoCtoYQAvD_BwE&utm_aud=MULT&utm_campaign=DSP_GGL_DDA_MULT_TRA_PerformanceMax_Discounted&utm_medium=DSP&utm_obj=TRA&utm_source=GGL-DDA",
   "product4": "Black Sunglasses",
   "product4_link": "https://www.amazon.in/IDEE-sunglasses-Large-Black-Women/dp/B0BJ2ZTZ9T?th=1"
  },
  {
   "Outfits": "White Tshirt Outfits",
   "OutfitName": "WhiteTshirtOutfit7",
   "image": "Outfits/WhiteTshirtOutfit7.jpg",
   "product1": "White Tshirt",
   "product1_link": "https://www.coggles.com/p/clothing/represent-owner-s-club-cotton-jersey-t-shirt/14020428/?switchcurrency=GBP&shippingcountry=GB&affil=awin&utm_content=Lyst&utm_term=Comparison%20Shopping%20Service%20%28CSS%29&utm_source=AWin-104504&utm_medium=affiliate&utm_campaign=AffiliateWin&sv1=affiliate&sv_campaign_id=104504&awc=4318_1681157499_9978292101e661b5380f3ab5454b454f",
   "product2": "Green Track Pant",
   "product2_link": "https://www.farfetch.com/in/shopping/men/palmes-elasticated-track-pants-item-19002443.aspx",
   "product3": "White Snekers",
   "product3_link": "https://www.levi.in/men/accessories/footwear/mens-white-brand-logo-sneakers/D65520012.html?utm_campaign=NA&utm_channel=PaidShopping&utm_content=NA&utm_medium=ppc&utm_source=GoogleFeed&utm_term=D65520012",
   "product4": "Black Smart Watch ",
   "product4_link": "https://www.boat-lifestyle.com/products/wave-prime-47-fitness-smart-watch?variant=40068065099874¤cy=INR&utm_source=google&utm_medium=pmax&utm_campaign=19781102063&gclid=CjwKCAjw586hBhBrEiwAQYEnHQELTaAlkLGy4Fmbx_x2-zEBU1S3-jV2L0kbQJOH6jjkLybNQrMS8xoCg1kQAvD_BwE"
  },
  {
   "Outfits": "White Tshirt Outfits",
   "OutfitName": "WhiteTshirtOutfit8",
   "image": "Outfits/WhiteTshirtOutfit8.jpg",
   "product1": "White Tshirt",
   "product1_link": "https://www.jockey.in/white-sport-t-shirt-2714?size=M&utm_source=Google&utm_source=GooglePMax&utm_medium=feed&utm_medium=FE&utm_campaign=smart_shoppingDPA_Men&utm_campaign=FE-E-com-Pmax-FeedOnly-T-shirts-28th-Nov22&cpn=%7BCampaignName%7D&cid=CjwKCAjw586hBhBrEiwAQYEnHas37lFA63MwY2ZxrNI0OyFZByyPUhhibfPQb1c8zCLfM-WR_BRjtxoCDAoQAvD_BwE&pl=&kw=&adg=%7BAdGroupName%7D&ch=x&utm_content=10149578__&gclid=CjwKCAjw586hBhBrEiwAQYEnHas37lFA63MwY2ZxrNI0OyFZByyPUhhibfPQb1c8zCLfM-WR_BRjtxoCDAoQAvD_BwE",
   "product2": "Blue Waistcoat",
   "product2_link": "https://frenchcrown.in/products/outer-space-blue-premium-cotton-waistcoat-v",
   "product3": "Biege Chinos",
   "product3_link": "https://www.ajio.com/altheory-slim-fit-flat-front-chinos/p/441209461_khaki",
   "product4": "White Sneakers",
   "product4_link": "https://www.theveja.com/veja-campo-trainer-chromefree-shoes-leather-extra-white-kaki/"
  },
  {
   "Outfits": "White Tshirt Outfits",
   "OutfitName": "WhiteTshirtOutfit9",
   "image": "Outfits/WhiteTshirtOutfit9.jpg",
   "product1": "White Full Tshirt",
   "product1_link": "https://knyamed.com/products/mens-long-sleeves-underscrub?variant=43038247059712¤cy=INR&utm_medium=product_sync&utm_source=google&utm_content=sag_organic&utm_campaign=sag_organic&utm_source=Google&utm_medium=cpc&utm_campaign=ADB_SmartShopping&gclid=CjwKCAjw586hBhBrEiwAQYEnHbNHpRhP8odegqqMOw-J_Mj3ar2s-o7IEQxN34UNGMKWaGWuNqRwWhoCMvMQAvD_BwE",
   "product2": "Grey Jeans",
   "product2_link": "https://en.def-shop.com/jack-jones-mike-original-na-923-slim-fit-jeans-grey-denim.html",
   "product3": "White Shoes",
   "product3_link": "https://www2.hm.com/en_in/productpage.1119476001.html?gclid=CjwKCAjw586hBhBrEiwAQYEnHQkARIq3CRRjGqz1vpWe8dEKvVlwlU24FeSLj3nEZspsW8yvLmFyQxoCDYYQAvD_BwE",
   "product4": "Neck Chain",
   "product4_link": "https://www.amazon.in/Stylish-Vertical-Pendant-Necklace-Jewellery/dp/B0B1BHSS58/ref=asc_df_B0B1BHSS58/?tag=googleshopdes-21&linkCode=df0&hvadid=586231800661&hvpos=&hvnetw=g&hvrand=12665339969054349679&hvpone=&hvptwo=&hvqmt=&hvdev=c&hvdvcmdl=&hvlocint=&hvlocphy=9050497&hvtargid=pla-1660000917493&th=1"
  },
  {
   "Outfits": "Beige Chinos Outfits",
   "OutfitName": "BeigeChinosOutfit1",
   "image": "Outfits/BeigeChinosOutfit1.jpg",
   "product1": "Beige Chinos",
   "product1_link": "https://www.uniqlo.com/in/en/products/E455483-000?colorCode=COL31&sizeCode=CMD073&gclid=CjwKCAjw586hBhBrEiwAQYEnHUANkQKTpAyse2DlHXErtdVz622d47_2I1nNfxHtpem0_6MxikhnShoCL2gQAvD_BwE",
   "product2": "Burgundy Polo",
   "product2_link": "https://www.jackjones.in/110833102-rhubarb?gclid=CjwKCAjw586hBhBrEiwAQYEnHSIsEF6eg-8q6sIrwbS5kRj_DmhOxQoj7H1S2HB28fW-QuEhiz97xRoCqRsQAvD_BwE",
   "product3": "White Converse",
   "product3_link": "https://www.vegnonveg.com/products/chuck-70-whitegarnetegret?utm_source=adyogi&utm_medium=google-performancemax&utm_campaign=HSSA_6238_adyogi_PerformanceMax__-17440862345&gclid=CjwKCAjw586hBhBrEiwAQYEnHTb_BAWEcJ1XnOwP8n9HnWtf2dkQj-7nHHq7hupW1aTl8tNrTs6c0R"
  },
  {
   "Outfits": "Beige Chinos Outfits",
   "OutfitName": "BeigeChinosOutfit2",
   "image": "Outfits/BeigeChinosOutfit2.jpg",
   "product1": "Beige Chinos",
   "product1_link": "https://www.uniqlo.com/in/en/products/E455483-000?colorCode=COL31&sizeCode=CMD073&gclid=CjwKCAjw586hBhBrEiwAQYEnHUANkQKTpAyse2DlHXErtdVz622d47_2I1nNfxHtpem0_6MxikhnShoCL2gQAvD_BwE",
   "product2": "Linen 3/4 Sleeve Shirt",
   "product2_link": "https://www.uniqlo.com/in/en/products/E435248-000?colorCode=COL08&sizeCode=SMA003&gclid=CjwKCAjw586hBhBrEiwAQYEnHTFJe8TLmsyUsUFZ7k6JASF5eLsDfYL5yHArvbmx6K-7-zGyB3Rn0RoCDLkQAvD_BwE",
   "product3": "White Converse",
   "product3_link": "https://www.vegnonveg.com/products/chuck-70-whitegarnetegret?utm_source=adyogi&utm_medium=google-performancemax&utm_campaign=HSSA_6238_adyogi_PerformanceMax__-17440862345&gclid=CjwKCAjw586hBhBrEiwAQYEnHTb_BAWEcJ1XnOwP8n9HnWtf2dkQj-7nHHq7hupW1aTl8tNrTs6c0R",
   "product4": "White Tshirt ",
   "product4_link": "https://www.uniqlo.com/in/en/products/E427917-000?colorCode=COL00&sizeCode=SMA004&gclid=CjwKCAjw586hBhBrEiwAQYEnHaysaITuxeClfSu4QZm5JVfDeBektiqsdgf7lbSkRHVjp6YMOQyr-BoCLEYQAvD_BwE"
  },
  {
   "Outfits": "Beige Chinos Outfits",
   "OutfitName": "BeigeChinosOutfit3",
   "image": "Outfits/BeigeChinosOutfit3.jpg",
   "product1": "Beige Chinos",
   "product1_link": "https://www.uniqlo.com/in/en/products/E455483-000?colorCode=COL31&sizeCode=CMD073&gclid=CjwKCAjw586hBhBrEiwAQYEnHUANkQKTpAyse2DlHXErtdVz622d47_2I1nNfxHtpem0_6MxikhnShoCL2gQAvD_BwE",
   "product2": "Blue  Shirt",
   "product2_link": "https://www.uniqlo.com/in/en/products/E456594-000?colorCode=COL60&sizeCode=SMA005&gclid=CjwKCAjw586hBhBrEiwAQYEnHSwTldDEDShGRvNuPDHcnuMf0ywaaC_tNbNpGTZpJjuFhHPM7SfajxoC9I4QAvD_BwE",
   "product3": "Navy Blazer",
   "product3_link": "https://www.uniqlo.com/in/en/products/E456594-000?colorCode=COL60&sizeCode=SMA005&gclid=CjwKCAjw586hBhBrEiwAQYEnHSwTldDEDShGRvNuPDHcnuMf0ywaaC_tNbNpGTZpJjuFhHPM7SfajxoC9I4QAvD_BwE",
   "product4": "Suede Brown Loafers",
   "product4_link": "https://www.lifestylestores.com/in/en/SHOP-CODE-Blue-CODE-Men-Striped-Loafers-with-Moc-Toe-For-Men/p/1000011382330?gclid=CjwKCAjw586hBhBrEiwAQYEnHXTiF_zSZqFfGo3VIFVPiX06dzvOOyyOZsCSPY6XrvRfFpiKWiIpwhoC0EgQAvD_BwE"
  },
  {
   "Outfits": "Beige Chinos Outfits",
   "OutfitName": "BeigeChinosOutfit4",
   "image": "Outfits/BeigeChinosOutfit4.jpg",
   "product1": "Beige Chinos",
   "product1_link": "https://www.uniqlo.com/in/en/products/E455483-000?colorCode=COL31&sizeCode=CMD073&gclid=CjwKCAjw586hBhBrEiwAQYEnHUANkQKTpAyse2DlHXErtdVz622d47_2I1nNfxHtpem0_6MxikhnShoCL2gQAvD_BwE",
   "product2": "Brown Cardigan",
   "product2_link": "https://www.myntra.com/sweaters/trendyol/trendyol-men-brown-self-design-acrylic-cardigan-sweater/20323354/buy?gclid=CjwKCAjw586hBhBrEiwAQYEnHSTbLtrg5ZFD5dcydkO2IP4v8osPEAPvd59-W9atHNyVNxc-JHkRlBoCTFEQAvD_BwE",
   "product3": "White Tshirt",
   "product3_link": "https://www.uniqlo.com/in/en/products/E427917-000?colorCode=COL00&sizeCode=SMA004&gclid=CjwKCAjw586hBhBrEiwAQYEnHaysaITuxeClfSu4QZm5JVfDeBektiqsdgf7lbSkRHVjp6YMOQyr-BoCLEYQAvD_BwE",
   "product4": "Black Oxford Shoes",
   "product4_link": "https://www.clarks.in/product/oliver-cap2-black-leather-5059304331766?utm_source=adyogi&utm_medium=google-ssc&utm_campaign=CLAR_3269_adyogi_SmartShopping_Prospect_all&gclid=CjwKCAjw586hBhBrEiwAQYEnHQSv2GTe-_Yjr3CeP1AdzVs77KKGTdD_ndwXMk6a7rJ0AJ0fErN3pRoCxK"
  },
  {
   "Outfits": "Beige Chinos Outfits",
   "OutfitName": "BeigeChinosOutfit5",
   "image": "Outfits/BeigeChinosOutfit5.jpg",
   "product1": "Beige Chinos",
   "product1_link": "https://www.uniqlo.com/in/en/products/E455483-000?colorCode=COL31&sizeCode=CMD073&gclid=CjwKCAjw586hBhBrEiwAQYEnHUANkQKTpAyse2DlHXErtdVz622d47_2I1nNfxHtpem0_6MxikhnShoCL2gQAvD_BwE",
   "product2": "White Tshirt ",
   "product2_link": "https://www.uniqlo.com/in/en/products/E427917-000?colorCode=COL00&sizeCode=SMA004&gclid=CjwKCAjw586hBhBrEiwAQYEnHaysaITuxeClfSu4QZm5JVfDeBektiqsdgf7lbSkRHVjp6YMOQyr-BoCLEYQAvD_BwE",
   "product3": "Lilac Shirt Jacket",
   "product3_link": "https://www.tedbaker.com/row/p/Mens/Outlet/Clothing/Shirts/AMORET-Long-Sleeve-Harrington-Shacket-Light-Purple/259194-LT-PURPLE?srsltid=AfAwrE4OBaBT3XL86XUehX9pO_nC-t5T27i1sVAVssgUcUFY9vmb3fpira4",
   "product4": "Chunky White Sneakers",
   "product4_link": "https://www2.hm.com/en_in/productpage.1126092001.html?srsltid=AfAwrE5zq1dz2emQ6K4ruKYqsIUMOTPLI_Mczww489tD5RyQkqIuSdfc1H4"
  },
  {
   "Outfits": "Beige Chinos Outfits",
   "OutfitName": "BeigeChinosOutfit6",
   "image": "Outfits/BeigeChinosOutfit6.jpg",
   "product1": "Beige Chinos",
   "product1_link": "https://www.uniqlo.com/in/en/products/E455483-000?colorCode=COL31&sizeCode=CMD073&gclid=CjwKCAjw586hBhBrEiwAQYEnHUANkQKTpAyse2DlHXErtdVz622d47_2I1nNfxHtpem0_6MxikhnShoCL2gQAvD_BwE",
   "product2": "Dark Grey Jacket",
   "product2_link": "https://www.myntra.com/shirts/marks--spencer/marks--spencer-men-grey-melange-casual-shacket/19433460/buy?gclid=CjwKCAjw586hBhBrEiwAQYEnHYzOmL05QwZa61qHL2WBKDY6K5UOOL4BTUWq2RD8LUEiczqRVeWnPhoCTVsQAvD_BwE",
   "product3": "White Sweatshirt",
   "product3_link": "https://www.uniqlo.com/in/en/products/E455404-000?colorCode=COL00&sizeCode=SMA005&gclid=CjwKCAjw586hBhBrEiwAQYEnHUG--gdqCC0_KAWQWEIfQSZKcs6WIp5Dbn_1oZhyYZ0y_lKukl-F-xoCEfcQAvD_BwE",
   "product4": "White Converse",
   "product4_link": "https://www.vegnonveg.com/products/chuck-70-whitegarnetegret?utm_source=adyogi&utm_medium=google-performancemax&utm_campaign=HSSA_6238_adyogi_PerformanceMax__-17440862345&gclid=CjwKCAjw586hBhBrEiwAQYEnHTb_BAWEcJ1XnOwP8n9HnWtf2dkQj-7nHHq7hupW1aTl8tNrTs6c0R"
  },
  {
   "Outfits": "Beige Chinos Outfits",
   "OutfitName": "BeigeChinosOutfit7",
   "image": "Outfits/BeigeChinosOutfit7.jpg",
   "product1": "Beige Chinos",
   "product1_link": "https://www.uniqlo.com/in/en/products/E455483-000?colorCode=COL31&sizeCode=CMD073&gclid=CjwKCAjw586hBhBrEiwAQYEnHUANkQKTpAyse2DlHXErtdVz622d47_2I1nNfxHtpem0_6MxikhnShoCL2gQAvD_BwE",
   "product2": "Black Jumper ",
   "product2_link": "https://www2.hm.com/en_in/productpage.1005941001.html?gclid=CjwKCAjw586hBhBrEiwAQYEnHVPGcIflFiYZroa8cflyWnRe0s9TSR9UI9aLO7yA3xzSLAufi5WiBxoCly0QAvD_BwE",
   "product3": "White Crew Tshirt",
   "product3_link": "https://www.uniqlo.com/in/en/products/E427917-000?colorCode=COL00&sizeCode=SMA004&gclid=CjwKCAjw586hBhBrEiwAQYEnHaysaITuxeClfSu4QZm5JVfDeBektiqsdgf7lbSkRHVjp6YMOQyr-BoCLEYQAvD_BwE",
   "product4": "White Converse",
   "product4_link": "https://www.vegnonveg.com/products/chuck-70-whitegarnetegret?utm_source=adyogi&utm_medium=google-performancemax&utm_campaign=HSSA_6238_adyogi_PerformanceMax__-17440862345&gclid=CjwKCAjw586hBhBrEiwAQYEnHTb_BAWEcJ1XnOwP8n9HnWtf2dkQj-7nHHq7hupW1aTl8tNrTs6c0R"
  },
  {
   "Outfits": "Beige Chinos Outfits",
   "OutfitName": "BeigeChinosOutfit8",
   "image": "Outfits/BeigeChinosOutfit8.jpg",
   "product1": "Beige Chinos",
   "product1_link": "https://www.uniqlo.com/in/en/products/E455483-000?colorCode=COL31&sizeCode=CMD073&gclid=CjwKCAjw586hBhBrEiwAQYEnHUANkQKTpAyse2DlHXErtdVz622d47_2I1nNfxHtpem0_6MxikhnShoCL2gQAvD_BwE",
   "product2": "White Canvas loafers",
   "product2_link": "https://www.nykaafashion.com/peter-england-men-grey-slip-ons/p/10291587?adsource=shopping_india&skuId=10291501&utm_content=ads&utm_source=GooglePaid&utm_medium=PLA&utm_campaign=Sok-PerformanceMax-CatchAll_NCA&gclid=CjwKCAjw586hBhBrEiwAQYEnHchl3qI1cnWbiWNr",
   "product3": "Green Silk Shirt",
   "product3_link": "https://peterengland.abfrl.in/p/men-green-athletic-fit-formal-shirts-655931.html?size=40&utm_source=pe_google&utm_medium=pmax&utm_campaign=AO_PE_Apparel_Google_NA_Pmax_Sales_6042023_NA_NA_NA_NA_India&utm_term=&utm_mcid=paid_pmax&gclid=CjwKCAjw586hBhBrEiwA",
   "product4": "White ribbed top",
   "product4_link": "https://www2.hm.com/en_in/productpage.0881698001.html?gclid=CjwKCAjw586hBhBrEiwAQYEnHeNhQlA3ZW2aGaqv8gta3R3caiMUXIrXykbFFpHSAUy8vKI7tXRpGxoCUA4QAvD_BwE"
  },
  {
   "Outfits": "Beige Chinos Outfits",
   "OutfitName": "BeigeChinosOutfit9",
   "image": "Outfits/BeigeChinosOutfit9.jpg",
   "product1": "Beige Chinos",
   "product1_link": "https://www.uniqlo.com/in/en/products/E455483-000?colorCode=COL31&sizeCode=CMD073&gclid=CjwKCAjw586hBhBrEiwAQYEnHUANkQKTpAyse2DlHXErtdVz622d47_2I1nNfxHtpem0_6MxikhnShoCL2gQAvD_BwE",
   "product2": "Brown Swearter Vest",
   "product2_link": "https://www.myntra.com/sweaters/macys-club-room/macys-club-room-men-cable-knit-sweater-vest/19075174/buy?gclid=CjwKCAjw586hBhBrEiwAQYEnHZq-r259fG29AUaOZJeNSlSOQW8RrH4oG60GRi0U6ePhPiRFLQ1IOxoCqI0QAvD_BwE",
   "product3": "Beige Shirt",
   "product3_link": "https://www2.hm.com/en_in/productpage.1134107001.html?gclid=CjwKCAjw586hBhBrEiwAQYEnHTfNf6BaQIYvH705354tsWV0CCClqB28xxLbq8jrBXTCNL-9COX8JxoCY4kQAvD_BwE",
   "product4": "white leather sneakers",
   "product4_link": "https://in.puma.com/in/en/pd/smashic-unisex-sneakers/394371?swatch=02&size=0240&gclid=CjwKCAjw586hBhBrEiwAQYEnHfqOv4ASUEZgKmBs-Qf8QZl2Z-dtL6AfN5qqWoB50HVQdPmcpMUBGhoCgtQQAvD_BwE&utm_aud=MULT&utm_campaign=DSP_GGL_DDA_MULT_TRA_PerformanceMax_Discounted&utm_"
  },
  {
   "Outfits": "Denim Jacket Outfits",
   "OutfitName": "DenimJacketOutfit1",
   "image": "Outfits/DenimJacketOutfit1.jpg",
   "product1": "Navy Denim Jacket",
   "product1_link": "https://www.levi.in/men/clothing/jackets/levis-mens-trucker-jacket/248690078.html?gclid=CjwKCAjw586hBhBrEiwAQYEnHVD2L5-a_w_9-Oq1gkYMprlzKYc6kDs7QZlRd7BEu7eYT7qu0IVQqxoC2QQQAvD_BwE&utm_campaign=NA&utm_channel=PaidShopping&utm_content=NA&utm_medium=ppc&utm_",
   "product2": "Navy Crew tshirts",
   "product2_link": "https://www.uniqlo.com/in/en/products/E423527-000?colorCode=COL69&sizeCode=SMA005&gclid=CjwKCAjw586hBhBrEiwAQYEnHXyLDtzPwrXLpLMiB8IyFNlNTYUaPcAyF9oCjmUa1TfldIMM8xAZrxoCxH8QAvD_BwE",
   "product3": "Olive chinos",
   "product3_link": "https://www.uniqlo.com/in/en/products/E454775-000?colorCode=COL54&sizeCode=SMA004&gclid=CjwKCAjw586hBhBrEiwAQYEnHQRyHmuS_5GBAVoT6-CJ9d2zrocElY4BXldrEFLdWIbFLqWgU6SclhoCfToQAvD_BwE",
   "product4": "White Sneakers",
   "product4_link": "https://www.levi.in/men/footwear/mens-white-colorblock-sneakers/D65730005.html?gclid=CjwKCAjw586hBhBrEiwAQYEnHZLFNqA1Zv0qQ_6At2C6FRo5W6PmLG0VM12GRAbPJSMCZK9Wrl32wBoCHz8QAvD_BwE&utm_campaign=NA&utm_channel=PaidShopping&utm_content=NA&utm_medium=ppc&utm_sou"
  },
  {
   "Outfits": "Denim Jacket Outfits",
   "OutfitName": "DenimJacketOutfit2",
   "image": "Outfits/DenimJacketOutfit2.jpg",
   "product1": "White Denim Jacket",
   "product1_link": "https://www.uniqlo.com/in/en/products/E456090-000?colorCode=COL01&sizeCode=SMA002&gclid=CjwKCAjw586hBhBrEiwAQYEnHXT1xsafYkWiTffnC1toxsh19mf50j-ULZB59glsqA1CKe-McRPEoBoC5zYQAvD_BwE",
   "product2": "Blue  Shirt",
   "product2_link": "https://www.uniqlo.com/in/en/products/E456594-000?colorCode=COL60&sizeCode=SMA005&gclid=CjwKCAjw586hBhBrEiwAQYEnHSwTldDEDShGRvNuPDHcnuMf0ywaaC_tNbNpGTZpJjuFhHPM7SfajxoC9I4QAvD_BwE",
   "product3": "Navy Trousers",
   "product3_link": "https://www.uniqlo.com/in/en/products/E455842-000?colorCode=COL69&sizeCode=SMA004&gclid=CjwKCAjw586hBhBrEiwAQYEnHfCGi_PNjnvSlHCsIIzDj-WlG5mwIV6kAxMxXWFSY-2m79k7whMf6xoC6VwQAvD_BwE",
   "product4": "Sneakers",
   "product4_link": "https://www.adidas.co.in/street-icon-m/GC0661.html?cm_mmc=AdieSEM_Google_PLA-_-PerformanceMax-_-PerformanceMax-_-PLA-_-dv%3AeCom-_-cn%3APerformanceMax-_-pc%3AGoogle_PLA&cm_mmc1=IN&cm_mmc2=PLA-Multiple-brand-Multiple-None-IN-EMEA-eCom-Paid_Search&gclid=Cjw"
  },
  {
   "Outfits": "Denim Jacket Outfits",
   "OutfitName": "DenimJacketOutfit3",
   "image": "Outfits/DenimJacketOutfit3.jpg",
   "product1": "Grey Denim Jacket",
   "product1_link": "https://www.nykaafashion.com/jack-jones-men-solid-grey-jacket/p/8975849?adsource=shopping_india&skuId=8972104&utm_content=ads&utm_source=GooglePaid&utm_medium=PLA&utm_campaign=Sok-PerformanceMax-CatchAll_NCA&gclid=CjwKCAjw586hBhBrEiwAQYEnHSofQq4s0SmpTNug_",
   "product2": "Off-White Jeans",
   "product2_link": "https://www.ajio.com/levis-550-flat-front-tapered-fit-chinos/p/469242009_cream?gclid=CjwKCAjw586hBhBrEiwAQYEnHThtoNMvq8jiaKGEd4p6hY2eO5Q2ODOCn089xTq4JAtvZl4ltQlq1BoCfisQAvD_BwE#gmf",
   "product3": "White Short Sleeve Shirt",
   "product3_link": "https://www.uniqlo.com/in/en/products/E452811-000?colorCode=COL01&sizeCode=SMA004&gclid=CjwKCAjw586hBhBrEiwAQYEnHR0CUxYY1AWNwospY12Yo_l-NTBEaKns59nq_nhsYJ-ND5m70c-TqxoCSTYQAvD_BwE",
   "product4": "Grey Sneakers ",
   "product4_link": "https://www.ssense.com/en-us/women/product/new-balance/gray-2002r-sneakers/11862961"
  },
  {
   "Outfits": "Denim Jacket Outfits",
   "OutfitName": "DenimJacketOutfit4",
   "image": "Outfits/DenimJacketOutfit4.jpg",
   "product1": "Blue Denim Jacket",
   "product1_link": "https://www.wrangler.in/wrangler-men-s-solid-denim-jacket-regular-8905409401897-light-blue.html",
   "product2": "Grey Hoodie",
   "product2_link": "https://www2.hm.com/en_in/productpage.0970819007.html?gclid=CjwKCAjw586hBhBrEiwAQYEnHRy5ioJs4Y2sz4N2TM4tsw8GZOkzY1uVbmQvFeBXeh5v0V13DQ37lhoCzjcQAvD_BwE",
   "product3": "Olive Cargos",
   "product3_link": "https://www2.hm.com/en_in/productpage.1038201003.html?gclid=CjwKCAjw586hBhBrEiwAQYEnHViVc9KU9rjUmwYVy6FEsAPiMVQkBPoWIp8Oa25KBAeltIYJLMSBjhoCJYoQAvD_BwE",
   "product4": "Navy blue canvas Shoes",
   "product4_link": "https://www.levi.in/men/accessories/footwear/mens-navy-solid-sneakers/D52610016.html?gclid=CjwKCAjw586hBhBrEiwAQYEnHYjxjwtNcxBk8xfAlSwx-sYRU_ym5P2bB8GeGMM4MXUnucfiZpJBfxoCCMEQAvD_BwE&utm_campaign=NA&utm_channel=PaidShopping&utm_content=NA&utm_medium=ppc&u"
  },
  {
   "Outfits": "Denim Jacket Outfits",
   "OutfitName": "DenimJacketOutfit5",
   "image": "Outfits/DenimJacketOutfit5.jpg",
   "product1": "Black Denim Shirt",
   "product1_link": "https://www.levi.in/men/clothing/jackets/levis-mens-trucker-jacket/A27940007.html?gclid=CjwKCAjw586hBhBrEiwAQYEnHTTjdBEAFu4y97wLBimcXWnSqqSaPDUKpAuQ2CQWjpmqRFaTO4-NaRoCFU0QAvD_BwE&utm_campaign=NA&utm_channel=PaidShopping&utm_content=NA&utm_medium=ppc&utm_source=GoogleFeed&utm_term=A27940007",
   "product2": "Crew Neck Tshirt",
   "product2_link": "https://www.uniqlo.com/in/en/products/E422992-000?colorCode=COL00&sizeCode=SMA003&gclid=CjwKCAjw586hBhBrEiwAQYEnHZbupkd-giuhXJ_IrbX1vAQfUVHLJSWsOe9L4WwarQXV1CL3OM3OLxoCRvUQAvD_BwE",
   "product3": "Brown Coudroy Pants",
   "product3_link": "https://www2.hm.com/en_in/productpage.1064346012.html?gclid=CjwKCAjw586hBhBrEiwAQYEnHTyUJVkCmW1vJqh1GOFqmbHpzEYnjLEB09xko4EDYjGCfqUPl6OaABoCzLkQAvD_BwE",
   "product4": "Vans Old-Skools  Sneakers",
   "product4_link": "https://www.superkicks.in/products/checkerboard-classic-slip-on-black-white-1?variant=44390588186875"
  },
  {
   "Outfits": "Denim Jacket Outfits",
   "OutfitName": "DenimJacketOutfit6",
   "image": "Outfits/DenimJacketOutfit6.jpg",
   "product1": "Indigo Denim Jacket",
   "product1_link": "https://www.marksandspencer.in/denim-jacket/p/000000060531671003.html?utm_source=google&utm_medium=cpc&utm_campaign=15268767990&adgroupid=&utm_content=PerformanceMax&utm_term=&gclid=CjwKCAjw586hBhBrEiwAQYEnHfB2WLa9dkw0U0GDhUiPP5LFUdulQIh4faKNXGa5SVYjEYTk-",
   "product2": "Black Jeans",
   "product2_link": "https://www.marksandspencer.in/pure-cotton-straight-fit-jeans/p/000000060216395021.html?utm_source=google&utm_medium=cpc&utm_campaign=15268767990&adgroupid=&utm_content=PerformanceMax&utm_term=&gclid=CjwKCAjw586hBhBrEiwAQYEnHSxVvfO42b5kQfLCFoW5IUuMKz8QA4N",
   "product3": "White Converse",
   "product3_link": "https://www.vegnonveg.com/products/chuck-70-whitegarnetegret?utm_source=adyogi&utm_medium=google-performancemax&utm_campaign=HSSA_6238_adyogi_PerformanceMax__-17440862345&gclid=CjwKCAjw586hBhBrEiwAQYEnHTb_BAWEcJ1XnOwP8n9HnWtf2dkQj-7nHHq7hupW1aTl8tNrTs6c0R",
   "product4": "Navy Blue Beanie",
   "product4_link": "https://www2.hm.com/en_in/productpage.1021269004.html?gclid=CjwKCAjw586hBhBrEiwAQYEnHYa9ExqE6kfY7ph1G7vZYHrQB_rQHjdp6gxCGlsBjfefgS-yOUwF9hoCc1kQAvD_BwE"
  },
  {
   "Outfits": "Denim Jacket Outfits",
   "OutfitName": "DenimJacketOutfit7",
   "image": "Outfits/DenimJacketOutfit7.jpg",
   "product1": "Beige Denim Jacket",
   "product1_link": "https://www.uniqlo.com/in/en/products/E455093-000?colorCode=COL01&sizeCode=SMA006&gclid=CjwKCAjw586hBhBrEiwAQYEnHVBNpzuCZmr0hjH42u-ssQjgVaQg3-VYsqBvX9RUJCyc6wwMb4xHUxoC46AQAvD_BwE",
   "product2": "Blue Jeans",
   "product2_link": "https://www.nykaafashion.com/levi-s-men-blue-512-slim-tapered-fit-jeans/p/6680249?adsource=shopping_india&skuId=6678830&utm_content=ads&utm_source=GooglePaid&utm_medium=PLA&utm_campaign=Sok-PerformanceMax-CatchAll_NCA&gclid=CjwKCAjw586hBhBrEiwAQYEnHZGFFo0",
   "product3": "Black Canvas Shoes",
   "product3_link": "https://www2.hm.com/en_in/productpage.1052102002.html?gclid=CjwKCAjw586hBhBrEiwAQYEnHdIpKXUIIfFN1gYClJEqdj-0v1OHhrvQWYi1Y08BFhKtd475mL4aIxoCGRMQAvD_BwE",
   "product4": "White Crew Tshirt",
   "product4_link": "https://www.uniqlo.com/in/en/products/E427917-000?colorCode=COL00&sizeCode=SMA004&gclid=CjwKCAjw586hBhBrEiwAQYEnHaysaITuxeClfSu4QZm5JVfDeBektiqsdgf7lbSkRHVjp6YMOQyr-BoCLEYQAvD_BwE"
  },
  {
   "Outfits": "Denim Jacket Outfits",
   "OutfitName": "DenimJacketOutfit8",
   "image": "Outfits/DenimJacketOutfit8.jpg",
   "product1": "Olive Denim Jacket",
   "product1_link": "https://www.ajio.com/jack--jones-button-down-trucker-jacket-with-flap-pockets/p/469271471_green?gclid=CjwKCAjw586hBhBrEiwAQYEnHT2pIOFepiNwWVvSspyfW9BhRj3H7irrWsPO8_xA-uQFnmu6oaKVPxoCEJkQAvD_BwE#gmf",
   "product2": "Black Jumper ",
   "product2_link": "https://www2.hm.com/en_in/productpage.1005941001.html?gclid=CjwKCAjw586hBhBrEiwAQYEnHVPGcIflFiYZroa8cflyWnRe0s9TSR9UI9aLO7yA3xzSLAufi5WiBxoCly0QAvD_BwE",
   "product3": "Black Jeans",
   "product3_link": "https://www.marksandspencer.in/pure-cotton-straight-fit-jeans/p/000000060216395021.html?utm_source=google&utm_medium=cpc&utm_campaign=15268767990&adgroupid=&utm_content=PerformanceMax&utm_term=&gclid=CjwKCAjw586hBhBrEiwAQYEnHSxVvfO42b5kQfLCFoW5IUuMKz8QA4N",
   "product4": "Black Canvas Shoes",
   "product4_link": "https://www2.hm.com/en_in/productpage.1052102002.html?gclid=CjwKCAjw586hBhBrEiwAQYEnHdIpKXUIIfFN1gYClJEqdj-0v1OHhrvQWYi1Y08BFhKtd475mL4aIxoCGRMQAvD_BwE"
  },
  {
   "Outfits": "Denim Jacket Outfits",
   "OutfitName": "DenimJacketOutfit9",
   "image": "Outfits/DenimJacketOutfit9.jpg",
   "product1": "Charcoal Denim Jacket",
   "product1_link": "https://www.lee.in/lee-men-s-dark-olive-solid-jackets-regular-8905409382868-dark-olive.html",
   "product2": "Black Tshirt",
   "product2_link": "https://www2.hm.com/en_in/productpage.0608945008.html?gclid=CjwKCAjw586hBhBrEiwAQYEnHf2Cm0n74l0sDaA5J0beWASMXHztxCitJlf9lO8bQcztg5EQFbOJCBoC8AcQAvD_BwE",
   "product3": "Charcoal Jeans",
   "product3_link": "https://www.nykaafashion.com/levi-s-men-black-511-slim-fit-jeans/p/6680224?adsource=shopping_india&skuId=6678626&utm_content=ads&utm_source=GooglePaid&utm_medium=PLA&utm_campaign=Sok-PerformanceMax-CatchAll_NCA&gclid=CjwKCAjw586hBhBrEiwAQYEnHYP-3hkgmvW8Zx",
   "product4": "Sneakers",
   "product4_link": "https://www.superkicks.in/products/wmns-astir-cloud-white-core-black?variant=44362059219195"
  }
 ]